CURRENT,PREVIOUS,WEIGHT,NAT,LAB,NZF,UF,ACT,GRN,MAO
MAO,Legalise Cannabis,0.58,1,2,1,0,0,9,10
LAB,LAB,0.27,0,0,8,0,0,8,5
No Vote,No Vote,0.33,7,2,6,0,0,0,7
NZF,NZF,0.32,5,6,8,3,2,3,8
MAO,MAO,0.06,5,8,5,6,6,10,10
LAB,LAB,0.71,0,10,0,0,0,10,10
GRN,LAB,0.23,5,7,4,3,2,10,7
No Vote,No Vote,0.91,4,3,2,0,0,2,0
LAB,LAB,0.15,0,0,0,0,0,0,0
LAB,LAB,0.21,0,10,3,0,0,2,6
NZF,NZF,0.06,0,10,9,5,0,9,7
LAB,LAB,0.09,5,8,5,0,0,4,7
LAB,LAB,0.08,6,9,4,2,0,4,9
No Vote,NZF,1.61,0,0,0,0,0,0,0
No Vote,No Vote,0.13,5,5,0,0,0,0,0
NZF,LAB,0.07,8,10,7,7,6,1,7
MAO,LAB,0.11,5,5,3,3,3,3,6
MAO,LAB,0.14,4,8,5,4,2,4,10
LAB,LAB,1.61,0,0,0,0,0,0,5
LAB,LAB,0.38,6,9,8,5,5,6,8
NAT,No Vote,0.14,4,4,0,0,2,2,5
NAT,LAB,0.83,6,5,5,0,6,6,6
LAB,LAB,0.16,1,10,10,1,1,10,1
LAB,LAB,0.33,5,10,2,0,0,5,10
MAO,GRN,0.14,5,1,0,5,8,9,10
NZF,Other,0.03,5,9,7,0,0,7,9
LAB,LAB,0.09,0,10,0,0,0,0,0
MAO,MAO,0.14,0,5,0,0,0,6,6
LAB,LAB,0.45,5,9,6,0,6,7,7
MAO,LAB,0.23,7,6,5,3,2,6,9
LAB,LAB,0.37,5,7,4,0,0,5,7
LAB,LAB,0.4,0,0,0,0,0,0,0
LAB,LAB,0.77,0,10,0,0,0,0,5
No Vote,LAB,1.82,5,8,2,0,0,0,5
LAB,LAB,0.16,3,10,1,1,1,2,2
LAB,DK,0.59,0,7,0,0,0,5,9
MAO,No Vote,1.61,1,10,0,0,0,7,10
LAB,LAB,0.44,0,10,6,0,0,4,2
MAO,MAO,0.25,1,5,1,0,0,5,10
LAB,LAB,0.37,3,10,0,0,0,5,5
LAB,LAB,0.77,2,10,5,5,5,10,2
No Vote,LAB,1.45,0,10,5,5,5,5,7
LAB,LAB,0.22,5,6,5,0,0,5,4
LAB,LAB,0.22,0,10,10,0,0,5,10
LAB,LAB,1.16,0,10,8,1,5,8,10
LAB,LAB,0.24,0,10,4,0,0,7,7
MAO,DK,0.25,3,5,5,0,0,4,10
LAB,LAB,0.77,2,10,2,0,0,7,8
LAB,LAB,0.12,0,10,5,5,0,10,10
LAB,LAB,0.16,4,8,2,0,0,10,10
LAB,DK,1.45,6,9,4,5,5,5,5
GRN,GRN,0.43,0,4,0,2,0,10,8
MAO,MAO,1.45,3,10,0,0,0,6,10
LAB,LAB,0.88,3,7,2,1,2,1,0
No Vote,LAB,3.28,5,10,1,1,1,10,10
LAB,LAB,0.44,7,10,10,0,0,5,10
LAB,LAB,1.03,5,10,4,3,3,5,5
MAO,LAB,0.44,0,5,5,0,2,8,9
MAO,LAB,0.16,6,8,6,0,1,6,8
GRN,GRN,0.46,0,1,0,1,1,10,10
LAB,LAB,1.82,3,10,3,0,0,3,10
LAB,LAB,0.35,5,7,5,3,2,7,7
No Vote,DK,0.77,5,8,5,0,0,7,8
MAO,MAO,0.14,4,2,4,0,0,7,10
LAB,LAB,0.36,8,10,9,4,5,6,7
NAT,No Vote,0.42,10,0,0,4,5,5,0
No Vote,No Vote,3.28,0,10,0,0,0,0,0
No Vote,No Vote,1.45,1,10,5,0,0,10,10
LAB,MAO,0.37,0,0,0,0,0,0,5
LAB,MAO,0.44,2,6,0,0,0,6,10
LAB,LAB,0.77,0,10,8,0,0,5,10
LAB,LAB,0.37,5,8,2,0,2,5,8
GRN,LAB,0.5,2,8,0,0,0,8,0
MAO,LAB,0.1,4,7,0,1,0,10,10
GRN,GRN,0.38,2,8,6,5,2,10,9
MAO,No Vote,0.25,6,7,10,7,0,10,10
LAB,LAB,0.22,4,7,2,2,4,7,7
No Vote,No Vote,0.91,0,5,0,0,0,5,10
LAB,No Vote,0.21,5,10,10,0,0,10,9
MAO,GRN,0.13,5,5,5,4,3,5,6
No Vote,LAB,2.26,5,9,0,0,0,0,0
NZF,LAB,0.35,0,0,0,0,0,0,0
MAO,LAB,0.06,5,8,5,5,5,6,9
MAO,LAB,0.58,0,10,0,0,0,0,5
LAB,LAB,0.29,7,8,2,0,0,8,9
MAO,NAT,0.43,7,0,6,0,0,0,10
LAB,LAB,1.1,0,10,0,0,0,10,10
LAB,LAB,0.06,3,10,6,8,0,7,10
No Vote,LAB,0.83,8,6,9,5,9,5,4
NAT,NAT,3.45,10,0,0,5,10,0,5
NAT,NAT,2.19,9,5,4,4,8,2,4
MAO,LAB,0.18,5,0,5,0,0,0,5
LAB,LAB,0.44,6,8,0,0,0,0,0
No Vote,No Vote,1.76,5,5,2,4,2,0,6
LAB,LAB,0.21,7,9,3,0,0,6,10
MAO,LAB,0.05,7,3,1,1,0,1,2
LAB,MAO,0.29,0,8,0,0,0,7,9
LAB,LAB,0.91,0,0,0,0,0,0,0
MAO,LAB,0.83,6,5,6,4,3,5,6
LAB,LAB,0.08,0,10,9,0,0,0,0
MAO,GRN,0.14,4,6,3,1,5,5,5
LAB,LAB,0.71,9,9,5,2,0,9,9
No Vote,No Vote,0.91,6,4,4,3,5,6,4
MAO,NAT,0.11,8,6,2,1,1,6,10
MAO,LAB,0.11,0,7,0,0,0,5,8
LAB,LAB,0.21,7,8,10,0,1,5,8
MAO,No Vote,0.14,8,8,6,2,1,5,10
LAB,LAB,0.29,6,8,3,0,0,8,7
LAB,DK,1.67,4,10,4,0,4,4,4
LAB,LAB,0.21,2,10,7,0,0,5,5
LAB,LAB,0.21,5,10,0,0,0,10,5
GRN,GRN,0.8,6,7,0,1,0,9,9
No Vote,NZF,3.45,3,3,7,0,0,7,7
NAT,NAT,0.32,7,4,4,1,5,5,8
NAT,NAT,0.49,6,6,6,6,6,6,6
LAB,LAB,0.21,3,8,1,2,2,8,8
MAO,LAB,0.18,0,0,0,0,0,0,0
LAB,LAB,0.91,1,9,5,4,3,2,7
LAB,LAB,0.44,5,10,5,5,5,7,5
LAB,LAB,8.18,3,10,6,0,0,8,5
MAO,LAB,0.47,2,2,5,1,0,1,10
No Vote,MAO,0.43,9,9,0,0,2,2,9
MAO,NAT,0.05,5,6,0,0,0,0,6
LAB,LAB,0.4,4,7,2,0,0,10,5
NZF,NZF,0.22,3,10,10,0,0,5,10
UF,GRN,0.59,2,8,5,9,0,5,9
LAB,LAB,1.76,5,10,5,5,5,5,10
MAO,MAO,0.27,8,5,2,5,10,7,10
MAO,MAO,0.14,3,3,4,0,0,10,10
MAO,MAO,3.21,0,10,0,0,0,10,10
MAO,LAB,0.14,8,7,4,2,1,1,8
LAB,LAB,0.21,5,7,3,0,0,3,3
NZF,NZF,0.17,0,0,10,0,0,0,0
MAO,LAB,0.29,0,10,5,0,0,10,8
LAB,LAB,0.21,3,10,0,0,0,0,8
MAO,NZF,0.73,0,0,0,0,0,0,10
MAO,LAB,0.47,5,6,3,1,2,4,8
GRN,GRN,1.34,5,7,3,0,3,8,7
LAB,LAB,0.4,6,7,4,3,2,4,3
MAO,LAB,0.14,5,5,2,2,8,8,10
LAB,LAB,0.44,1,5,0,0,0,10,0
MAO,LAB,0.05,9,8,0,0,0,0,8
NZF,MAO,0.22,8,8,9,2,2,7,7
MAO,MAO,0.06,4,1,3,2,3,2,8
No Vote,No Vote,1.76,0,0,0,0,0,0,2
LAB,No Vote,0.4,5,10,0,0,0,10,1
MAO,LAB,0.14,3,5,4,0,0,5,10
NZF,NZF,0.11,7,7,10,2,1,5,10
LAB,LAB,2.36,1,9,0,0,0,3,5
NZF,LAB,0.07,0,6,7,0,0,7,7
NAT,NAT,0.24,7,2,0,3,4,4,5
LAB,LAB,0.21,0,10,8,0,0,3,10
NZF,NZF,0.43,4,9,9,4,2,1,9
LAB,LAB,0.08,4,8,6,0,0,3,4
LAB,LAB,0.87,2,10,10,0,2,9,10
LAB,LAB,0.43,5,10,5,3,1,5,10
MAO,MAO,0.14,5,0,2,9,6,2,10
LAB,GRN,0.09,0,7,7,4,0,2,7
MAO,LAB,0.43,0,10,0,0,0,3,10
MAO,NZF,3.45,5,9,8,0,0,8,10
MAO,No Vote,0.48,0,0,5,0,0,0,10
MAO,DK,0.91,3,2,10,3,0,10,5
LAB,LAB,1.1,7,9,5,5,3,7,7
MAO,LAB,0.05,0,10,0,0,0,0,0
LAB,LAB,0.4,3,7,3,5,5,6,7
LAB,LAB,0.21,6,10,5,2,1,4,5
LAB,LAB,0.1,0,10,0,0,0,10,1
LAB,LAB,1.67,0,6,0,0,0,6,6
LAB,PRO,0.27,4,10,10,0,0,0,3
LAB,LAB,0.21,0,10,2,0,0,0,8
MAO,MAO,0.14,3,3,0,0,0,4,3
MAO,MAO,0.11,7,3,0,2,2,1,8
LAB,LAB,0.4,7,7,4,10,4,4,4
NZF,LAB,0.91,6,8,7,6,1,8,6
LAB,LAB,0.08,0,10,6,0,0,10,0
MAO,LAB,0.14,4,6,0,0,0,6,5
MAO,MAO,0.29,5,5,5,0,5,5,10
NAT,NZF,2.19,8,6,4,5,6,5,6
NAT,LAB,0.49,5,5,5,0,0,5,5
MAO,MAO,0.14,6,8,0,0,0,10,10
LAB,DK,0.4,1,7,7,1,1,7,10
LAB,LAB,0.37,4,10,7,5,4,7,2
LAB,LAB,0.15,8,8,7,0,2,8,10
LAB,LAB,0.36,2,9,5,1,0,5,9
MAO,LAB,0.19,6,6,4,3,3,6,7
No Vote,LAB,0.5,3,7,5,3,3,3,4
LAB,LAB,0.24,4,9,1,1,3,3,7
NZF,DK,0.64,5,5,10,1,2,0,0
NAT,No Vote,0.24,8,6,8,1,0,0,2
MAO,LAB,0.06,5,9,0,0,0,8,10
PRO,GRN,0.17,4,5,5,1,1,2,8
LAB,LAB,0.33,5,5,5,5,5,5,5
MAO,LAB,0.06,0,0,0,0,0,0,10
LAB,LAB,0.19,5,10,5,0,0,7,10
LAB,LAB,0.8,0,10,5,0,0,7,10
LAB,LAB,0.24,4,5,5,3,3,5,5
LAB,LAB,0.4,0,10,0,0,0,0,0
MAO,DK,0.39,7,5,5,5,5,5,5
MAO,MAO,0.05,4,6,4,1,1,4,10
NZF,NZF,0.13,5,8,9,0,0,2,8
MAO,MAO,0.06,8,1,0,1,8,9,10
NAT,No Vote,0.42,8,5,2,2,3,3,4
LAB,LAB,0.09,0,0,0,0,0,0,0
LAB,DK,0.22,6,6,6,0,5,4,6
LAB,LAB,0.19,0,10,6,0,4,8,10
NAT,NAT,0.33,10,0,0,1,4,4,0
LAB,LAB,0.33,0,8,0,0,0,0,0
LAB,LAB,0.8,1,9,0,0,0,0,9
LAB,LAB,0.16,5,10,3,0,9,10,4
LAB,LAB,0.37,6,10,3,0,0,6,3
LAB,LAB,0.22,7,7,3,3,3,6,7
LAB,LAB,0.19,2,9,4,5,4,8,8
MAO,LAB,0.16,1,4,3,2,2,5,5
LAB,LAB,0.22,0,10,0,0,0,1,7
MAO,LAB,0.11,0,1,5,0,0,0,5
NAT,LAB,0.1,10,9,0,0,0,10,10
MAO,LAB,0.13,8,8,0,0,5,0,10
MAO,MAO,0.33,8,3,5,0,0,8,10
LAB,LAB,0.16,0,10,0,5,0,5,10
No Vote,LAB,0.77,4,5,4,0,0,8,8
LAB,LAB,0.59,5,8,0,0,0,7,10
MAO,Destiny,0.13,5,5,5,0,0,0,10
LAB,LAB,0.09,5,7,5,0,0,5,0
NZF,LAB,0.32,0,0,10,0,0,0,0
NZF,NZF,0.14,5,1,0,6,10,3,2
MAO,LAB,0.13,6,10,7,0,0,7,10
MAO,LAB,0.11,0,10,10,0,0,10,10
MAO,LAB,0.11,5,5,5,5,5,10,10
LAB,LAB,0.59,1,10,5,4,1,6,8
LAB,LAB,0.22,0,10,0,0,0,5,10
Another,NZF,0.18,0,0,10,0,0,5,10
GRN,MAO,0.11,4,6,2,2,0,2,7
LAB,LAB,0.4,0,10,5,0,0,5,5
MAO,LAB,0.25,0,10,7,0,0,0,10
LAB,LAB,0.09,0,10,10,0,0,0,0
MAO,LAB,0.53,0,10,0,0,0,0,10
LAB,LAB,0.16,10,0,5,5,2,8,9
LAB,LAB,0.16,5,7,2,0,0,7,7
NAT,NAT,0.17,8,5,0,0,3,0,2
LAB,LAB,0.09,4,8,2,2,2,3,5
NAT,NAT,0.33,10,0,0,0,0,0,0
LAB,LAB,0.16,1,10,7,7,7,10,2
LAB,LAB,0.37,2,10,1,1,1,7,2
GRN,LAB,0.46,10,8,10,10,10,5,5
MAO,LAB,0.38,4,6,0,0,1,10,10
MAO,,0.06,5,10,9,5,5,7,10
LAB,No Vote,0.22,2,10,0,0,0,5,8
GRN,LAB,0.3,3,6,5,2,3,10,10
LAB,LAB,0.77,0,10,10,0,0,5,10
MAO,DK,1.82,0,10,0,0,0,0,5
NZF,NZF,0.32,0,5,10,0,0,0,7
LAB,LAB,0.16,8,5,5,0,0,6,10
No Vote,Destiny,0.17,2,1,0,0,0,0,5
LAB,LAB,0.09,5,10,5,0,0,5,10
LAB,LAB,0.59,0,10,10,0,0,10,10
LAB,LAB,0.45,4,9,6,3,3,10,8
MAO,LAB,0.06,5,8,8,0,0,8,10
NZF,NZF,0.07,2,9,8,0,0,8,0
MAO,LAB,0.33,5,4,3,0,0,0,9
MAO,LAB,0.11,4,4,6,10,0,0,10
MAO,MAO,0.11,8,2,5,0,5,5,10
MAO,LAB,0.69,5,5,3,3,3,6,6
LAB,DK,0.09,0,5,5,5,0,5,5
LAB,LAB,0.09,0,10,5,0,0,2,5
MAO,No Vote,0.05,3,4,2,2,2,9,10
LAB,LAB,0.22,5,10,5,0,0,6,10
LAB,LAB,0.33,7,10,10,5,5,10,10
GRN,GRN,0.1,0,7,1,0,0,10,4
No Vote,MAO,0.5,2,2,8,2,2,8,8
MAO,MAO,0.14,5,5,5,1,0,5,10
GRN,No Vote,1.22,0,1,5,1,8,9,6
LAB,LAB,0.36,2,4,2,0,0,3,0
MAO,MAO,0.05,7,6,5,1,3,6,10
LAB,LAB,0.16,0,7,0,0,0,0,7
LAB,LAB,1.22,5,10,0,0,0,7,7
NZF,NZF,0.15,1,8,8,5,1,3,4
LAB,LAB,0.09,5,0,0,0,0,0,0
LAB,LAB,0.16,5,8,6,0,0,3,7
LAB,MAO,0.77,0,10,10,0,0,6,0
LAB,LAB,0.37,0,10,5,0,0,5,1
LAB,LAB,0.37,0,10,5,5,5,7,6
LAB,LAB,0.08,6,9,2,2,0,8,8
NAT,NAT,0.18,5,7,2,4,2,4,5
MAO,DK,0.39,0,0,0,0,0,0,0
LAB,LAB,0.14,5,7,4,5,5,5,7
LAB,LAB,0.37,0,0,0,0,0,0,0
LAB,LAB,0.36,5,10,1,1,1,8,7
LAB,DK,0.21,7,6,4,0,4,0,10
MAO,LAB,0.18,0,0,0,0,0,0,0
No Vote,No Vote,1.76,10,1,8,1,1,6,5
MAO,NZF,0.05,10,10,10,5,0,5,5
NZF,NZF,0.08,5,5,7,0,0,4,7
MAO,DK,1.11,5,5,2,0,0,5,5
NZF,NZF,0.43,10,0,10,0,0,0,7
NZF,LAB,0.17,8,7,7,6,6,7,8
GRN,GRN,0.26,7,7,0,1,0,10,4
NAT,NAT,0.21,5,0,0,0,0,0,5
LAB,LAB,0.43,0,0,0,0,0,0,0
LAB,LAB,0.09,5,10,7,5,3,8,7
LAB,LAB,0.13,0,9,0,0,0,0,0
LAB,LAB,0.08,0,10,10,0,0,0,0
MAO,MAO,0.06,10,5,0,2,2,6,10
NZF,NZF,0.14,5,5,10,0,0,0,2
NAT,DK,0.33,10,5,0,0,0,0,5
LAB,LAB,0.27,9,9,9,0,0,0,0
LAB,DK,1.67,0,0,0,0,0,0,0
LAB,LAB,0.27,0,10,0,0,0,0,0
GRN,MAO,0.2,0,10,0,0,0,10,0
LAB,LAB,0.45,0,10,1,1,0,1,10
MAO,LAB,0.29,3,9,3,5,0,5,9
LAB,LAB,0.19,0,10,5,0,0,9,0
MAO,DK,0.25,4,4,4,0,0,0,10
LAB,LAB,0.36,0,10,7,5,5,7,5
LAB,LAB,0.19,1,9,7,0,0,9,6
LAB,LAB,0.4,1,10,5,1,1,8,9
MAO,LAB,0.16,4,6,3,2,0,4,10
LAB,LAB,0.17,5,10,2,0,1,6,6
MAO,LAB,0.14,0,10,5,0,2,9,10
MAO,LAB,0.13,8,5,3,1,0,8,10
LAB,LAB,0.08,2,9,3,5,2,8,10
LAB,LAB,0.08,5,10,8,5,5,5,5
LAB,LAB,0.59,4,10,3,0,1,5,9
LAB,LAB,0.4,0,0,0,0,0,0,0
GRN,NZF,0.43,6,6,6,5,4,3,3
NAT,NAT,0.3,9,1,3,8,0,3,9
NAT,LAB,0.43,9,6,1,2,4,5,7
No Vote,LAB,0.43,9,10,0,0,0,8,0
GRN,DK,0.26,0,9,3,5,0,10,9
NZF,LAB,0.64,1,6,10,0,1,1,6
MAO,No Vote,0.73,4,5,0,0,0,0,10
MAO,MAO,0.13,5,5,2,1,1,0,8
LAB,LAB,0.43,9,9,5,5,5,5,5
MAO,LAB,0.5,3,7,5,0,0,6,9
NZF,NZF,0.22,2,5,7,7,0,3,4
NAT,LAB,0.32,10,6,2,2,2,3,3
NAT,NAT,0.43,8,4,7,5,5,6,7
LAB,LAB,0.44,3,10,5,0,0,5,1
MAO,LAB,0.24,0,8,6,2,1,10,8
Bill and Ben,Direct Democracy,2.4,5,5,3,0,0,6,9
NZF,LAB,0.07,5,5,5,0,0,2,5
MAO,MAO,0.14,6,3,3,0,0,1,9
LAB,LAB,0.43,6,9,7,5,0,5,7
Kiwi,LAB,,5,5,0,0,0,3,3
MAO,MAO,0.14,6,4,4,0,0,6,8
LAB,Other,0.08,1,9,3,3,3,3,8
MAO,MAO,0.58,5,5,3,3,3,7,10
MAO,LAB,0.06,6,7,0,0,0,0,0
MAO,GRN,0.13,7,7,5,5,2,8,9
MAO,LAB,0.29,5,7,2,5,1,5,10
MAO,LAB,0.14,5,3,5,5,8,8,10
LAB,LAB,0.09,4,6,2,3,3,4,4
LAB,LAB,0.77,0,10,5,4,5,7,6
GRN,GRN,0.1,3,3,0,5,0,10,10
NAT,NAT,0.33,10,1,0,1,1,1,1
LAB,NZF,0.16,5,8,6,0,0,5,9
LAB,LAB,0.13,9,9,1,1,0,4,10
No Vote,DK,0.75,0,0,0,0,0,0,0
LAB,LAB,0.09,0,10,7,0,0,7,8
LAB,LAB,0.16,0,5,0,0,0,0,0
LAB,LAB,0.15,5,5,0,0,0,5,0
MAO,MAO,0.11,5,8,2,6,0,7,10
LAB,LAB,0.4,3,10,2,3,3,3,10
MAO,LAB,0.14,5,7,6,3,0,5,10
LAB,LAB,0.64,0,10,0,0,0,0,10
MAO,LAB,0.38,5,7,2,2,1,7,10
No Vote,LAB,0.64,0,0,0,0,0,0,0
MAO,LAB,0.14,4,7,4,2,1,6,8
LAB,LAB,0.22,0,10,5,0,0,10,10
NAT,NZF,0.91,5,1,8,0,0,0,10
MAO,LAB,0.83,3,6,3,3,3,5,8
MAO,LAB,0.14,7,8,7,4,1,8,10
No Vote,LAB,2.35,0,10,5,0,0,10,10
MAO,LAB,0.64,5,5,7,4,2,2,10
LAB,LAB,0.16,4,10,3,4,0,4,8
NZF,NZF,0.58,1,8,10,5,1,10,10
LAB,LAB,0.08,0,10,5,0,0,10,5
NZF,MAO,0.07,0,10,10,0,0,8,10
NAT,DK,0.45,5,0,0,0,0,0,0
LAB,LAB,0.22,3,8,5,4,1,7,7
LAB,LAB,0.16,4,9,6,0,0,6,6
LAB,LAB,0.09,0,10,0,0,0,0,0
NAT,LAB,0.42,5,6,1,0,0,6,6
LAB,LAB,0.4,3,0,0,0,0,0,3
NZF,NZF,0.22,5,5,9,0,0,9,0
LAB,NZF,0.15,5,10,10,0,0,9,10
LAB,LAB,0.19,0,10,0,0,0,5,7
NZF,LAB,0.35,7,4,5,2,0,5,8
NZF,NZF,,6,10,10,0,0,0,10
LAB,LAB,0.21,0,6,0,0,0,0,0
LAB,MAO,0.22,3,7,6,1,1,5,7
LAB,LAB,0.37,5,8,4,0,0,8,5
LAB,LAB,0.94,5,10,5,7,3,10,3
GRN,UF,0.19,5,5,5,6,6,10,5
MAO,LAB,0.43,0,10,0,0,0,0,6
MAO,LAB,0.14,4,5,5,0,1,2,5
NAT,UF,0.14,8,4,5,6,6,6,8
LAB,MAO,0.08,0,7,2,0,0,7,8
No Vote,LAB,0.43,3,9,9,3,0,4,5
NAT,NAT,0.24,9,7,6,4,7,1,7
MAO,LAB,0.14,4,7,6,2,1,7,9
MAO,MAO,0.16,0,6,5,0,0,7,10
MAO,MAO,0.13,6,10,5,5,0,0,0
Another,LAB,1.5,9,8,9,6,7,9,10
LAB,LAB,0.08,4,8,3,0,0,0,9
LAB,LAB,0.19,2,10,10,0,0,10,7
LAB,LAB,0.09,8,6,3,3,5,5,2
MAO,LAB,0.05,1,8,7,5,0,10,10
NZF,LAB,0.13,4,8,8,4,4,4,4
LAB,LAB,0.8,0,10,0,0,0,10,10
MAO,GRN,0.11,4,6,4,4,1,9,10
NAT,LAB,0.66,10,10,10,2,2,2,10
LAB,LAB,0.43,2,10,4,0,0,8,8
MAO,NZF,0.77,6,1,10,0,0,3,10
LAB,LAB,0.22,7,8,5,0,0,5,7
MAO,LAB,0.27,0,0,0,0,0,0,0
LAB,LAB,0.16,5,10,10,2,0,2,10
LAB,LAB,0.08,0,9,6,0,0,10,10
NZF,NZF,0.17,1,10,10,0,1,3,7
NAT,LAB,0.09,7,3,0,4,4,2,0
NAT,NAT,0.15,8,2,0,5,4,4,8
LAB,LAB,0.22,2,5,4,2,2,4,5
LAB,LAB,0.71,7,10,10,0,4,8,3
LAB,LAB,1.76,0,10,5,0,0,9,4
MAO,DK,0.11,4,7,6,5,5,7,8
NZF,NZF,0.3,4,2,8,2,2,2,9
MAO,LAB,0.14,0,10,6,0,0,6,9
LAB,LAB,0.44,4,7,5,0,0,2,1
LAB,LAB,1.67,0,10,5,1,0,5,10
MAO,LAB,0.14,1,1,5,0,0,1,9
LAB,LAB,0.09,1,6,6,0,1,6,3
LAB,DK,0.4,5,7,3,0,0,4,4
NZF,NZF,0.11,7,7,6,3,0,4,8
MAO,LAB,0.13,4,6,0,0,0,6,6
MAO,LAB,0.25,5,3,2,5,5,5,5
No Vote,DK,1.11,5,5,0,5,5,5,5
MAO,LAB,0.13,5,8,3,2,3,7,10
LAB,LAB,0.19,5,8,2,1,0,9,9
LAB,LAB,0.8,0,0,0,0,0,0,0
MAO,MAO,0.13,7,3,3,0,0,3,7
LAB,LAB,1.61,2,9,2,0,0,9,9
NAT,,0.42,10,6,9,0,0,5,10
NZF,NZF,0.17,0,6,10,0,0,10,10
LAB,LAB,0.37,1,10,2,0,5,6,7
LAB,LAB,0.16,5,6,2,1,3,1,6
LAB,MAO,0.24,0,8,1,1,1,8,10
LAB,LAB,0.88,0,8,7,4,4,4,5
LAB,LAB,0.16,0,10,8,0,0,5,10
LAB,LAB,0.09,4,7,4,3,2,6,4
NAT,NAT,0.21,3,3,0,0,0,3,2
LAB,LAB,0.37,5,10,5,0,1,10,10
MAO,LAB,0.16,7,7,6,4,6,7,10
NZF,NZF,0.07,0,0,10,0,0,0,0
No Vote,LAB,0.33,4,8,5,2,2,7,7
LAB,LAB,0.37,5,9,5,5,1,8,7
LAB,LAB,0.08,5,5,4,2,2,5,5
NAT,NZF,0.24,10,8,8,7,8,9,4
GRN,DK,0.26,6,6,5,4,3,9,9
MAO,LAB,0.43,6,8,0,0,0,0,9
NZF,LAB,0.07,4,4,4,4,1,4,6
GRN,GRN,0.77,3,6,5,5,3,9,9
MAO,Destiny,0.27,0,5,5,0,0,0,10
NAT,NAT,0.1,7,5,3,3,4,4,6
MAO,LAB,0.13,6,6,6,2,0,8,10
LAB,LAB,0.22,0,10,0,0,0,9,5
NZF,MAO,0.11,4,5,6,0,0,9,10
LAB,LAB,0.07,5,8,6,2,0,2,4
MAO,MAO,0.38,9,9,5,5,5,7,10
GRN,DK,0.2,0,0,0,0,0,0,6
LAB,LAB,0.21,9,9,6,6,7,8,8
NAT,ACT,0.45,8,3,1,2,8,2,5
MAO,Legalise Cannabis,0.14,8,8,9,0,0,0,9
NAT,LAB,0.33,9,8,7,0,4,4,6
LAB,LAB,0.59,2,8,6,2,4,8,8
MAO,LAB,0.06,5,5,5,0,1,9,10
LAB,LAB,0.16,1,9,0,0,0,0,0
LAB,LAB,0.21,1,7,1,5,5,5,8
LAB,LAB,0.44,5,8,8,5,5,6,6
LAB,LAB,0.45,0,10,1,0,0,10,5
MAO,MAO,0.11,1,5,2,0,0,8,10
No Vote,LAB,0.91,1,8,0,0,0,5,3
NAT,NZF,0.49,8,7,8,5,5,2,6
LAB,LAB,0.37,2,10,8,2,2,10,5
LAB,LAB,0.21,1,10,5,0,0,5,8
PRO,PRO,0.17,5,7,3,1,1,6,8
LAB,LAB,0.44,7,10,6,0,0,10,9
NZF,LAB,0.43,5,5,5,3,3,4,6
NZF,NZF,0.57,1,10,10,0,0,8,0
GRN,LAB,0.54,4,6,0,0,0,9,7
LAB,LAB,0.77,2,10,0,0,0,7,9
MAO,LAB,0.43,5,6,6,4,3,4,7
No Vote,MAO,0.91,0,7,0,0,0,5,10
MAO,LAB,0.25,3,8,0,0,5,5,10
MAO,MAO,0.11,8,8,6,6,6,8,0
LAB,LAB,1.82,1,10,7,4,4,5,7
MAO,MAO,0.05,2,8,5,5,5,5,10
LAB,MAO,0.21,2,10,6,1,1,6,1
GRN,MAO,0.1,3,4,0,0,0,7,10
MAO,LAB,0.47,5,5,0,0,0,5,10
NZF,NZF,0.15,5,8,9,5,1,4,9
NAT,NAT,0.3,10,0,0,0,10,0,6
LAB,LAB,0.15,3,9,5,3,1,5,10
GRN,MAO,0.88,2,8,0,0,0,9,10
LAB,,0.08,5,9,9,1,1,5,5
MAO,MAO,0.14,5,5,5,6,0,0,10
MAO,GRN,0.06,0,6,6,0,0,6,10
LAB,LAB,0.09,0,10,4,4,0,6,8
NZF,LAB,0.07,6,4,10,0,0,0,10
LAB,GRN,3.02,0,10,5,2,2,9,9
MAO,LAB,0.53,1,5,6,4,0,5,10
NZF,LAB,0.77,0,8,10,0,0,2,5
LAB,LAB,0.44,5,8,0,0,0,3,10
LAB,LAB,0.59,4,9,5,7,4,4,8
GRN,GRN,0.23,1,7,2,0,0,9,9
LAB,LAB,0.37,0,9,3,1,1,8,7
MAO,LAB,0.73,0,8,5,0,0,5,10
NAT,LAB,0.98,5,5,0,0,0,5,10
MAO,MAO,0.06,6,4,3,3,4,9,9
LAB,LAB,0.37,0,9,2,0,0,3,0
LAB,LAB,0.08,7,7,5,5,6,5,7
LAB,LAB,0.09,0,10,0,0,0,0,0
NAT,NAT,0.21,10,6,0,2,7,7,10
LAB,LAB,0.4,0,7,0,0,0,3,8
MAO,LAB,0.27,5,7,5,2,1,2,8
LAB,LAB,0.4,0,0,0,0,0,0,0
MAO,NZF,0.18,8,0,0,0,0,0,0
NAT,NAT,0.42,9,0,7,6,6,0,6
NZF,LAB,0.2,3,7,7,5,5,6,6
MAO,MAO,0.25,10,5,5,5,5,5,10
GRN,DK,0.11,2,8,2,5,0,9,6
LAB,LAB,0.16,5,10,3,3,3,4,3
No Vote,DK,0.77,4,7,5,0,0,5,8
NZF,NZF,0.22,9,8,9,6,6,8,9
NZF,DK,0.35,6,7,8,6,6,8,8
LAB,DK,0.88,3,10,1,0,0,5,8
MAO,No Vote,0.14,1,8,7,1,1,7,9
LAB,LAB,0.16,0,10,7,6,5,7,3
GRN,LAB,0.98,2,5,4,1,1,8,5
NAT,LAB,0.09,8,3,0,0,0,3,10
LAB,LAB,0.19,0,10,5,0,0,10,5
LAB,LAB,0.11,4,8,5,5,3,6,7
LAB,LAB,0.21,4,7,5,0,1,10,10
NZF,NZF,0.11,5,4,6,2,2,4,7
LAB,LAB,0.13,3,10,5,2,0,5,9
NZF,DK,0.57,0,0,0,0,0,0,0
LAB,LAB,0.09,5,10,1,1,1,9,9
LAB,NAT,0.19,7,7,4,2,2,8,10
LAB,LAB,0.88,0,5,2,2,3,2,7
LAB,LAB,0.09,5,8,5,0,0,0,8
LAB,LAB,0.16,5,8,5,5,7,5,9
LAB,LAB,0.09,0,10,0,0,0,0,7
LAB,LAB,0.87,4,10,0,0,0,5,9
PRO,LAB,0.79,0,6,2,1,0,3,1
LAB,LAB,0.27,0,1,3,0,0,4,0
LAB,LAB,0.09,0,10,10,0,0,5,1
LAB,LAB,0.27,0,10,0,0,0,0,0
MAO,LAB,0.25,7,9,9,5,5,7,8
MAO,MAO,1.22,4,4,3,2,2,7,10
LAB,LAB,0.37,0,10,7,4,2,8,7
GRN,LAB,0.43,4,6,2,2,2,7,4
LAB,LAB,0.71,1,10,7,3,0,9,7
GRN,LAB,0.26,5,8,3,0,5,10,5
MAO,MAO,0.05,3,8,8,1,1,9,10
LAB,LAB,0.09,1,9,1,0,0,7,8
NAT,NAT,0.18,6,5,5,0,3,0,3
MAO,DK,0.27,0,0,4,0,0,0,10
MAO,DK,0.18,0,10,5,0,0,0,0
NAT,LAB,0.18,7,5,4,8,8,8,10
LAB,LAB,0.16,8,9,4,1,1,1,9
MAO,LAB,0.43,0,5,10,0,0,0,10
LAB,LAB,0.4,7,9,5,7,0,0,8
MAO,LAB,0.05,0,6,3,0,0,0,7
LAB,LAB,0.37,0,10,0,0,0,0,0
MAO,NAT,0.13,10,5,0,2,8,7,8
GRN,GRN,0.1,3,3,0,1,0,9,9
LAB,LAB,0.77,5,5,0,0,0,0,0
LAB,LAB,0.3,6,6,0,0,6,6,0
NAT,GRN,0.77,10,4,1,0,0,5,5
NAT,NAT,0.33,8,0,0,0,6,0,0
LAB,LAB,0.47,5,7,6,1,2,4,1
NAT,NAT,0.33,10,5,2,8,10,0,1
GRN,GRN,0.68,3,8,0,0,1,9,6
LAB,LAB,0.34,8,7,0,0,0,6,6
LAB,LAB,0.98,8,0,5,0,0,8,5
NZF,LAB,0.24,5,9,9,3,1,4,7
LAB,LAB,2.16,5,10,5,0,0,7,5
NAT,NAT,0.35,10,0,0,0,0,0,0
ACT,NAT,0.55,6,5,0,3,5,5,5
NAT,LAB,0.33,10,2,5,8,5,1,8
PRO,GRN,0.33,6,6,3,3,0,8,3
ACT,ACT,0.41,7,3,0,5,9,0,4
NZF,,0.24,5,5,6,0,0,6,0
NAT,LAB,0.67,8,5,5,5,5,5,3
NAT,NAT,0.86,10,0,0,1,5,3,0
NAT,NAT,0.42,8,1,0,0,2,1,0
NAT,ACT,2.91,8,2,5,7,7,2,5
NAT,LAB,3.27,7,3,1,0,0,7,3
NAT,DK,0.77,6,4,2,1,1,4,2
NAT,LAB,1.52,0,0,0,0,0,0,0
LAB,LAB,0.31,0,10,0,0,0,0,0
NAT,NAT,0.77,8,3,3,5,3,3,0
NAT,DK,0.35,5,9,0,0,0,0,0
UF,No Vote,0.75,0,0,0,10,0,0,0
NZF,No Vote,2.35,0,0,10,0,0,10,5
NAT,LAB,0.66,7,7,5,3,6,4,0
NAT,LAB,0.86,10,0,0,2,9,0,10
LAB,LAB,0.6,5,5,5,0,0,0,0
NAT,NAT,0.66,10,2,4,3,7,2,4
NZF,NAT,0.24,7,6,7,6,4,5,3
NAT,NAT,0.86,0,0,0,0,0,0,0
GRN,LAB,0.95,4,9,1,1,1,8,1
NAT,NAT,0.53,8,2,0,5,5,4,5
GRN,LAB,0.35,5,9,2,5,2,9,5
NAT,NAT,0.34,9,3,2,2,8,2,2
NAT,NAT,0.67,4,2,2,0,0,3,0
NAT,LAB,0.67,5,5,5,1,1,0,5
GRN,LAB,0.42,3,7,0,0,0,8,0
LAB,LAB,0.15,5,8,2,4,0,8,6
NAT,No Vote,0.38,6,4,1,2,3,5,5
LAB,LAB,0.34,0,10,7,3,0,8,2
NZF,LAB,0.18,7,10,7,1,0,9,6
ACT,NAT,0.55,6,4,2,5,6,4,5
NAT,NAT,0.26,9,2,5,5,3,5,0
NAT,NAT,0.26,8,2,1,5,7,2,5
NZF,GRN,0.84,8,8,7,0,0,5,8
NAT,NZF,0.17,6,2,5,5,6,1,5
LAB,No Vote,0.34,3,10,0,0,0,8,8
NAT,NAT,0.35,10,0,0,5,5,0,0
NZF,NZF,0.25,0,8,8,0,0,8,0
NAT,LAB,0.67,9,8,1,1,4,1,4
GRN,NZF,0.38,8,5,5,5,3,8,3
ACT,NAT,1.59,10,1,1,5,10,1,5
NAT,ACT,0.67,10,3,3,2,3,3,2
NAT,NAT,0.77,9,4,0,5,5,5,3
NAT,NAT,0.86,10,5,3,5,7,2,6
NAT,NAT,0.66,9,6,1,7,6,4,4
NAT,LAB,0.17,7,6,0,0,0,0,0
NAT,NAT,0.42,7,3,4,5,5,6,1
NAT,NAT,0.35,9,1,0,0,6,1,5
LAB,LAB,0.3,7,7,0,0,0,5,0
NAT,UF,0.66,8,3,2,7,7,3,3
NAT,No Vote,1.8,9,7,2,2,4,1,0
NAT,NAT,4.48,10,0,0,0,0,0,0
GRN,LAB,0.38,5,7,2,0,0,3,1
NAT,NAT,1.52,8,3,2,0,5,5,3
NAT,NAT,0.86,8,2,0,0,6,5,5
NAT,NAT,3.33,5,0,0,0,0,0,0
NAT,NAT,0.86,8,1,0,4,7,0,5
ACT,ACT,1.25,7,1,0,2,9,1,5
LAB,LAB,2.16,8,8,0,2,0,1,5
MAO,NAT,0.19,7,7,1,1,1,3,9
NAT,NAT,0.33,10,3,0,0,1,1,0
NAT,NAT,0.33,10,6,7,8,9,3,4
NAT,LAB,0.33,0,0,0,0,0,0,0
NAT,NAT,0.35,10,5,0,0,2,2,4
LAB,LAB,0.6,3,9,8,0,5,5,0
NAT,NAT,0.17,8,3,0,4,3,3,5
LAB,LAB,0.6,5,8,2,0,1,1,0
NAT,LAB,3.27,10,4,2,7,7,5,8
ACT,DK,0.82,7,5,5,3,3,6,3
GRN,NZF,3.2,5,9,5,5,0,8,8
GRN,LAB,0.46,3,8,1,1,1,9,8
NAT,NAT,0.66,6,4,3,5,4,3,6
NZF,LAB,0.38,5,5,0,3,6,9,5
NAT,LAB,0.86,8,4,1,3,4,2,6
NZF,DK,1.18,10,0,9,4,7,5,6
NAT,NZF,0.35,10,4,10,3,3,5,3
No Vote,GRN,1.21,7,5,1,1,1,5,5
NAT,NAT,0.34,8,5,1,7,6,7,0
NAT,NAT,1.48,7,2,0,3,6,5,0
ACT,NAT,0.37,7,1,2,4,7,0,2
NAT,NAT,0.35,8,5,7,7,3,5,0
LAB,LAB,0.77,1,10,5,0,0,6,5
NAT,NAT,0.86,9,8,0,1,1,0,0
NAT,DK,0.67,5,5,0,1,1,0,0
NAT,NZF,0.35,7,1,2,0,3,1,1
LAB,PRO,0.98,5,8,0,0,0,0,0
NAT,LAB,1.52,6,6,2,0,0,2,3
NAT,NAT,2.92,7,2,2,0,0,0,0
No Vote,DK,1.39,0,0,0,0,0,0,0
NAT,NAT,0.67,10,3,0,8,9,0,0
LAB,LAB,0.6,5,10,10,0,0,0,0
LAB,LAB,0.98,7,6,3,0,0,0,2
NZF,NZF,0.79,0,5,10,0,0,0,0
NAT,NAT,3.05,8,5,4,5,7,8,6
NAT,NAT,1.48,10,2,3,5,5,8,5
NAT,,0.35,5,3,3,2,2,2,0
NZF,NAT,0.24,10,0,10,0,0,0,0
NAT,LAB,0.77,8,8,3,1,2,5,8
NAT,UF,0.77,8,3,5,9,5,4,9
LAB,LAB,1.47,4,10,5,0,0,5,0
NAT,NAT,0.35,10,0,4,5,5,2,4
LAB,LAB,0.31,8,10,5,5,5,0,0
NAT,NAT,2.42,10,1,5,5,5,1,5
NAT,NAT,0.86,9,2,0,2,7,0,1
LAB,LAB,0.3,5,10,6,3,3,6,2
NZF,No Vote,2.35,5,7,10,3,0,0,0
NAT,ACT,0.86,8,3,2,4,8,2,6
No Vote,No Vote,0.47,6,5,2,3,3,3,1
LAB,LAB,1.48,2,10,1,2,0,4,0
NAT,NAT,1.76,7,4,2,6,6,5,1
NZF,No Vote,2.59,7,6,5,0,4,0,0
NAT,NAT,0.88,10,0,2,0,0,3,0
LAB,LAB,1.47,5,5,0,0,0,0,0
NAT,NAT,0.35,8,4,3,3,2,2,1
NAT,NAT,0.88,10,8,0,6,0,5,0
LAB,LAB,2.16,0,10,2,2,2,2,2
No Vote,No Vote,4.06,7,9,5,5,5,9,8
LAB,DK,0.34,5,5,0,0,0,5,0
NAT,NAT,1.52,8,4,7,5,7,1,0
GRN,No Vote,2.04,4,7,2,0,1,10,9
LAB,GRN,0.34,0,10,2,2,0,10,5
LAB,LAB,1.36,5,5,5,5,5,5,6
Bill and Ben,LAB,,0,9,5,5,5,7,10
NAT,ACT,0.88,10,0,3,5,10,0,4
NAT,NAT,0.34,8,2,0,6,7,4,2
LAB,LAB,3.22,10,10,0,0,0,0,0
NAT,NAT,0.35,10,6,0,7,0,0,5
No Vote,LAB,1.62,5,8,0,0,0,0,0
GRN,LAB,2.04,5,5,2,0,2,7,4
NAT,No Vote,1.48,10,0,0,4,9,1,8
ACT,NAT,0.72,8,2,0,5,7,7,0
UF,ACT,1.06,2,2,0,8,8,5,4
NAT,NAT,0.88,9,3,0,1,6,0,5
NAT,DK,0.38,8,4,3,6,8,2,1
LAB,LAB,1.84,5,8,3,3,5,5,8
NZF,NZF,0.48,0,7,8,0,0,0,0
No Vote,DK,0.7,0,0,0,0,0,0,0
NZF,NZF,0.63,3,6,10,3,2,5,6
LAB,LAB,5.28,0,10,5,5,5,5,5
No Vote,No Vote,5.28,0,0,0,0,0,0,0
NAT,NAT,1.52,7,2,0,0,0,10,0
No Vote,,5.33,0,0,0,0,0,0,0
LAB,LAB,1.66,3,9,0,1,0,3,1
ACT,DK,1.63,8,6,4,0,8,7,0
NAT,NAT,5.28,9,3,5,6,7,4,5
NAT,LAB,0.88,7,7,3,7,7,5,7
LAB,LAB,0.79,5,7,0,5,5,7,0
LAB,GRN,1.36,1,8,1,0,1,7,0
LAB,GRN,1.36,2,8,0,0,1,8,0
NAT,NAT,1.76,6,6,3,2,3,1,4
NAT,NAT,0.38,7,4,2,5,5,7,5
NAT,GRN,1.43,7,5,0,1,1,9,5
LAB,No Vote,0.6,6,4,4,2,2,2,3
LAB,LAB,0.6,1,9,4,6,3,7,8
NAT,LAB,1.52,8,6,7,3,3,5,1
No Vote,LAB,5.28,5,5,4,4,4,3,3
ACT,NAT,1.63,9,0,0,2,10,0,2
LAB,LAB,0.6,0,0,0,0,0,0,0
NAT,No Vote,1.48,7,5,5,5,5,5,5
GRN,GRN,1.67,3,7,5,5,5,10,5
LAB,LAB,1.36,5,8,8,3,3,5,5
NAT,No Vote,1.52,8,6,5,5,7,5,5
NAT,DK,1,8,2,1,5,5,5,0
NAT,No Vote,1,7,4,0,0,0,4,0
No Vote,DK,5.32,0,0,0,0,0,0,0
No Vote,No Vote,5.32,0,0,0,0,0,5,0
NAT,LAB,2.42,8,7,10,0,7,7,0
NAT,NAT,0.33,10,3,3,3,8,3,3
PRO,PRO,2.35,0,10,0,0,0,2,4
UF,UF,1.99,6,2,0,8,1,1,5
LAB,LAB,0.77,3,8,1,1,0,8,5
NAT,No Vote,1.17,8,6,2,0,0,4,0
ACT,ACT,0.71,7,1,0,0,10,0,5
NAT,NAT,0.26,5,6,4,4,4,4,4
NAT,NAT,0.33,8,5,4,4,5,0,5
NAT,NAT,0.51,10,0,3,8,6,4,3
NAT,LAB,0.86,7,3,0,1,2,2,2
NAT,DK,1.65,0,0,0,0,0,0,0
NAT,NAT,1.65,7,4,1,1,1,0,0
NAT,NAT,1.23,10,0,0,9,8,0,0
NAT,NAT,0.86,9,7,3,3,7,6,4
NAT,LAB,3.03,8,8,3,2,2,8,2
NAT,No Vote,1.17,6,5,1,6,2,5,6
NAT,NAT,0.53,10,2,2,3,6,1,5
NAT,NAT,1.8,8,3,0,0,5,0,0
MAO,DK,2.12,5,5,3,3,3,3,10
No Vote,No Vote,3.5,7,5,3,0,7,3,5
NAT,No Vote,0.66,5,5,10,5,5,5,5
LAB,No Vote,1.05,3,9,0,0,0,2,0
NAT,NZF,0.33,8,6,6,0,0,2,5
NAT,NAT,0.51,9,1,7,5,7,3,6
LAB,LAB,1.56,0,10,2,0,0,3,2
NAT,DK,0.66,7,5,2,3,4,4,6
Bill and Ben,DK,3.39,6,5,0,3,4,0,0
NAT,NAT,3.03,9,5,3,2,3,0,3
UF,UF,0.62,7,3,0,8,4,4,2
LAB,LAB,0.46,5,10,5,4,0,9,4
NAT,NAT,0.86,10,4,0,1,7,0,2
LAB,GRN,0.59,2,8,2,1,0,10,3
ACT,NAT,0.93,6,5,1,0,6,1,0
NAT,DK,0.33,10,8,1,4,7,6,3
NAT,NAT,1.1,10,0,5,5,10,0,3
LAB,NAT,0.77,5,7,1,0,0,3,1
NAT,LAB,0.86,8,0,0,3,3,6,0
NAT,NAT,0.53,10,0,6,6,10,0,6
Republic,UF,4.48,7,2,2,6,5,5,5
NAT,NAT,1.65,8,5,4,4,7,7,6
LAB,LAB,1.48,3,8,2,0,2,6,5
LAB,LAB,0.3,0,9,6,0,0,8,0
NAT,NAT,1.1,4,4,0,0,0,0,0
LAB,NAT,0.77,10,0,0,5,7,0,6
NAT,NAT,0.38,10,2,0,5,9,0,2
NAT,ACT,0.26,10,4,0,5,8,5,5
GRN,GRN,1.2,0,10,0,0,0,10,5
LAB,LAB,0.77,3,4,2,4,3,4,1
PRO,LAB,0.43,6,4,1,5,4,0,0
NAT,LAB,1.1,4,1,2,2,1,0,0
NAT,NAT,0.33,7,2,4,4,6,1,4
NAT,NZF,0.53,10,4,1,1,3,0,7
ACT,NAT,0.35,9,2,2,5,7,0,5
NAT,LAB,1.8,8,8,8,5,1,6,6
NAT,NAT,1.8,8,2,5,5,5,0,2
LAB,LAB,0.77,5,9,2,2,2,2,2
LAB,LAB,0.77,0,8,0,0,0,3,0
LAB,LAB,1.48,2,10,2,5,6,10,5
NAT,NAT,1.65,10,2,2,0,10,1,3
GRN,LAB,1.81,1,8,4,4,0,10,7
LAB,LAB,0.77,0,7,5,0,0,0,5
NAT,NAT,0.53,7,6,2,2,2,2,0
NAT,LAB,1.8,7,6,5,4,6,4,3
LAB,ACT,1.1,1,6,1,1,0,1,1
NAT,NAT,1.8,10,0,0,7,10,0,5
NAT,No Vote,2.65,7,6,2,2,8,7,5
NAT,LAB,0.86,5,5,3,3,3,0,0
NAT,GRN,0.66,8,6,2,0,6,8,0
NAT,NZF,0.33,6,0,4,4,3,0,0
LAB,LAB,0.77,3,8,7,0,5,5,0
LAB,NZF,0.3,5,8,0,2,1,4,0
LAB,LAB,1.48,0,10,6,5,10,10,0
NAT,NAT,0.86,10,0,0,5,8,0,5
NAT,NAT,2.91,10,0,0,2,5,0,0
LAB,LAB,0.98,0,8,10,5,5,0,0
NAT,NZF,0.33,6,2,6,0,5,0,5
NAT,NAT,0.33,8,0,0,0,6,0,3
LAB,NAT,0.34,8,7,0,2,5,5,4
NZF,LAB,5.32,5,6,6,0,0,0,0
NAT,NAT,1.8,9,6,4,4,6,0,5
LAB,LAB,0.3,3,9,7,2,0,10,2
NAT,NAT,0.86,9,1,1,5,8,3,7
NAT,NAT,0.33,10,0,1,5,5,1,5
No Vote,NAT,2.16,7,4,0,1,4,5,2
LAB,LAB,0.3,7,10,10,5,2,2,6
LAB,LAB,4.48,1,9,5,4,4,8,4
NAT,NAT,1.65,8,0,0,5,8,0,0
No Vote,No Vote,1.56,9,2,0,0,8,0,0
NAT,UF,0.33,7,2,0,3,5,2,4
NAT,NAT,0.33,10,0,0,4,4,0,4
NAT,NAT,0.33,10,2,4,4,4,0,4
ACT,ACT,0.93,10,4,4,5,10,1,5
LAB,LAB,0.77,4,9,0,1,4,5,5
NAT,NAT,0.33,8,3,1,0,0,5,4
LAB,LAB,4.48,1,10,3,2,0,5,3
NAT,No Vote,1.17,9,10,0,0,0,5,3
LAB,LAB,0.3,1,10,0,0,0,0,0
PRO,LAB,0.69,6,8,0,1,1,5,4
NAT,LAB,1.1,3,0,0,0,0,0,0
LAB,LAB,0.98,5,5,5,1,1,3,1
NAT,LAB,0.33,8,4,3,1,5,1,6
NAT,NAT,0.33,8,5,6,0,4,1,4
NAT,NAT,0.33,10,0,0,3,5,0,0
MAO,LAB,1.8,1,7,3,2,3,7,7
LAB,No Vote,0.48,5,7,7,3,0,5,4
LAB,LAB,1.61,7,7,0,1,1,8,7
NAT,NAT,0.33,6,2,2,2,3,0,3
No Vote,UF,0.65,4,6,8,8,8,7,0
NAT,NAT,0.38,10,5,0,8,8,10,0
No Vote,No Vote,2.16,7,5,4,4,7,8,0
NAT,NAT,0.86,9,5,6,6,7,6,8
LAB,NAT,0.46,8,10,1,4,10,10,0
Kiwi,UF,1.01,8,3,9,8,3,2,5
Kiwi,NZF,1.01,7,4,5,6,3,3,5
LAB,LAB,0.48,2,9,1,3,1,2,0
LAB,LAB,0.77,2,10,5,1,0,8,5
NZF,LAB,0.24,7,8,7,2,0,0,0
NAT,NAT,0.33,9,6,0,0,0,5,6
NAT,NAT,0.66,7,2,1,5,5,0,7
NAT,NAT,1.56,9,1,0,1,5,1,5
NAT,NAT,0.86,10,5,2,3,4,2,3
LAB,LAB,0.48,0,10,5,0,0,1,5
NAT,NAT,1.1,8,2,1,0,4,0,5
No Vote,NAT,1.56,8,1,0,7,3,0,7
LAB,LAB,0.48,5,5,5,0,0,5,0
LAB,LAB,0.48,7,9,6,4,3,5,5
NAT,LAB,1.65,7,4,1,7,7,7,7
Family,DK,3.1,5,3,2,6,4,1,5
NZF,LAB,0.79,8,5,10,0,5,0,0
NZF,LAB,2.09,0,5,5,0,0,5,0
GRN,GRN,0.92,4,6,2,2,0,9,4
NAT,NAT,1.17,10,2,6,6,7,1,1
NAT,NAT,1.8,9,3,2,2,5,1,1
LAB,LAB,0.77,1,9,0,1,0,10,5
LAB,LAB,0.37,6,8,5,2,0,2,3
NZF,NZF,0.38,5,9,9,5,0,2,5
NAT,NAT,0.53,8,3,5,5,7,3,0
NZF,NZF,0.38,0,0,0,0,0,0,0
GRN,GRN,0.36,1,8,0,0,0,8,0
NAT,NAT,0.33,9,2,4,4,5,4,5
GRN,LAB,0.46,4,9,0,5,0,9,5
NAT,NAT,0.33,10,0,2,2,10,3,8
LAB,LAB,0.37,4,7,1,3,1,6,2
NAT,NZF,0.86,9,4,8,1,0,0,0
NAT,NAT,0.42,9,6,3,3,6,5,3
UF,UF,0.7,6,5,3,8,3,4,4
NZF,NZF,0.24,4,4,4,0,0,0,0
LAB,LAB,1.61,0,10,5,0,0,8,8
NAT,NAT,0.33,9,5,3,5,8,3,5
LAB,LAB,0.3,2,8,0,0,0,5,0
UF,UF,1.41,5,5,3,8,7,3,5
LAB,LAB,0.77,0,10,4,0,0,3,0
NAT,No Vote,2.65,7,5,1,0,5,7,3
GRN,GRN,2.91,5,7,1,0,2,10,6
ACT,No Vote,0.45,7,0,4,0,8,0,0
NAT,NAT,0.53,8,5,2,3,4,6,1
NAT,NAT,0.86,8,5,6,0,0,5,0
NAT,LAB,3.05,8,4,3,6,2,6,5
NAT,NAT,0.53,10,8,0,0,0,0,0
LAB,LAB,0.46,7,8,2,7,5,8,4
ACT,NZF,1.77,7,4,5,3,8,1,5
ACT,ACT,0.93,7,3,3,4,8,0,6
NAT,NAT,1.17,8,2,6,3,0,2,7
NAT,NAT,0.86,10,4,0,6,8,8,4
NAT,NAT,0.42,7,4,2,5,5,2,3
NAT,NAT,0.86,9,3,0,1,2,2,0
Family,Destiny,1.62,3,0,0,0,0,0,0
LAB,LAB,0.77,2,10,8,2,0,8,6
PRO,LAB,2.87,3,6,1,1,1,2,0
ACT,NAT,0.41,8,4,0,5,6,2,5
NAT,NAT,0.33,10,0,0,0,5,0,5
NZF,LAB,0.24,3,7,7,0,0,5,3
NAT,NAT,0.47,10,0,0,8,8,5,5
NAT,DK,0.86,10,1,1,1,1,1,1
LAB,LAB,0.98,5,5,7,5,5,7,1
NAT,NAT,0.86,8,3,3,6,6,3,3
NAT,NAT,0.33,10,0,2,5,6,0,7
LAB,LAB,0.77,5,10,5,5,3,2,5
NAT,LAB,1.65,7,6,2,0,3,5,3
NAT,DK,0.51,8,3,1,4,4,1,7
LAB,LAB,1.05,4,7,5,3,0,3,4
NAT,No Vote,0.38,6,5,0,5,5,6,5
LAB,LAB,0.77,5,6,0,0,8,7,1
NAT,NAT,0.33,10,5,0,7,5,0,8
NAT,NAT,1.8,8,0,6,2,8,0,4
LAB,LAB,1.05,5,7,1,0,0,5,7
LAB,GRN,0.23,7,9,0,0,0,0,10
LAB,LAB,1.56,8,8,5,7,5,8,5
LAB,DK,4.48,1,10,0,2,3,10,0
NAT,NZF,0.86,7,2,6,4,4,1,0
NAT,NAT,0.33,8,4,1,6,6,4,4
No Vote,No Vote,8.18,5,5,5,5,5,5,0
NAT,NAT,0.33,10,5,0,5,0,0,0
No Vote,No Vote,0.7,7,7,5,5,5,5,5
NAT,NAT,0.33,10,3,4,0,0,0,0
NAT,NAT,0.33,10,5,8,0,0,5,0
LAB,LAB,0.77,5,8,5,2,0,6,5
No Vote,MAO,3.33,2,7,4,2,2,8,9
NAT,GRN,0.86,7,3,0,5,0,8,0
GRN,Other,0.56,5,6,4,2,7,6,7
NAT,,1.65,7,4,0,0,5,2,0
GRN,NAT,0.56,7,6,5,2,4,8,5
ACT,NAT,0.55,7,7,1,0,8,5,3
GRN,No Vote,1.28,5,3,5,0,3,8,5
NAT,LAB,0.33,9,7,2,3,1,5,5
NAT,NAT,0.86,10,2,1,9,9,5,2
NZF,No Vote,2.57,5,8,7,4,4,3,7
LAB,DK,1.61,4,7,5,5,0,3,0
LAB,LAB,0.77,5,7,0,3,0,8,0
NAT,NAT,1.65,10,2,2,3,3,2,1
LAB,LAB,0.46,1,10,0,0,0,3,0
NAT,NAT,0.53,8,3,0,0,8,5,5
LAB,LAB,0.3,9,10,5,1,0,2,0
NAT,NAT,0.33,10,0,0,4,4,0,0
NAT,NAT,0.33,10,0,0,0,0,0,0
NAT,NAT,0.53,9,0,4,5,6,0,3
Kiwi,DK,3.39,4,1,1,4,1,0,0
ACT,ACT,0.93,8,3,0,9,9,0,9
NAT,NAT,0.53,7,5,5,0,4,1,0
LAB,LAB,0.3,5,9,6,0,9,6,5
LAB,LAB,0.3,0,10,0,0,0,0,0
NAT,LAB,1.56,4,9,0,3,3,3,0
NAT,NAT,1.1,10,6,1,4,5,4,0
GRN,GRN,0.28,8,10,5,2,0,10,5
LAB,LAB,3.19,5,10,5,0,0,0,5
UF,UF,0.59,7,7,0,0,0,3,5
NAT,LAB,0.86,6,5,1,1,2,5,5
NAT,LAB,3.57,8,4,4,7,7,3,2
GRN,GRN,0.42,4,9,5,4,2,9,9
NAT,LAB,1.8,5,5,0,5,5,5,5
LAB,LAB,1.61,5,10,5,7,3,0,5
NAT,LAB,3.33,10,2,10,3,3,10,0
NAT,ACT,0.66,0,0,0,0,0,0,0
NAT,NAT,0.51,8,2,0,2,6,2,4
LAB,LAB,0.77,7,10,0,0,0,2,4
NAT,NAT,1.65,10,0,0,0,8,5,0
NAT,NAT,0.53,10,1,5,9,9,0,1
NAT,NAT,0.7,9,6,7,3,8,6,1
LAB,LAB,0.3,0,10,0,0,3,4,2
LAB,LAB,0.59,5,7,3,4,2,5,5
NAT,NAT,0.33,10,0,0,5,5,0,5
NAT,NAT,0.26,10,4,4,4,5,5,3
NAT,NAT,1.8,10,6,0,2,4,1,0
NAT,LAB,1.8,8,4,2,7,7,4,1
ACT,NAT,0.93,10,3,3,5,8,0,5
LAB,No Vote,1.61,5,10,0,0,0,0,0
NAT,LAB,1.56,8,9,4,7,5,5,3
LAB,LAB,0.3,6,4,7,2,3,5,2
LAB,LAB,0.3,5,10,3,8,3,8,3
LAB,DK,1.48,5,8,0,0,0,0,0
NAT,DK,1.8,10,3,1,3,9,6,2
NAT,NAT,0.86,9,3,0,7,6,5,5
NAT,NAT,1.1,10,0,0,1,2,0,1
NAT,NAT,0.86,10,3,0,6,8,5,3
GRN,No Vote,0.42,3,7,1,0,1,6,5
NAT,NAT,1.17,9,4,1,3,3,1,1
LAB,LAB,0.77,4,10,7,4,4,5,4
ACT,LAB,0.92,10,3,0,4,8,0,0
NAT,NZF,0.33,8,4,4,5,4,0,2
NAT,Libertarianz,0.33,0,0,1,2,9,0,4
NZF,DK,0.62,5,10,10,0,0,10,10
NAT,NAT,0.86,10,4,3,5,8,1,5
LAB,LAB,4.16,5,1,7,9,9,5,5
GRN,GRN,0.95,5,8,4,3,4,8,5
NAT,NAT,0.86,3,0,0,0,1,1,1
NAT,NAT,0.53,8,4,2,0,6,0,7
No Vote,No Vote,1.56,5,5,2,2,2,0,2
LAB,LAB,1.48,3,8,1,3,0,7,5
NAT,NAT,0.53,7,2,2,0,6,0,5
LAB,LAB,0.98,1,10,6,3,0,9,3
MAO,LAB,0.39,5,0,0,7,5,7,10
ACT,ACT,0.93,6,4,1,1,7,6,6
ACT,NAT,0.71,9,0,6,6,8,1,5
No Vote,LAB,0.36,5,8,2,0,1,8,0
NAT,UF,1.65,8,3,6,6,7,0,5
NAT,LAB,1.65,8,8,3,0,4,4,0
NAT,NAT,0.33,9,6,1,5,3,1,3
LAB,LAB,4.48,5,6,2,0,2,2,2
NAT,No Vote,1.17,8,6,6,6,6,6,6
NAT,LAB,0.86,9,9,7,2,6,0,0
LAB,No Vote,0.23,5,5,0,0,0,0,0
LAB,NZF,0.3,2,10,7,1,0,3,0
NAT,NAT,0.38,10,5,0,0,3,1,1
No Vote,No Vote,5.32,2,6,6,0,0,7,5
NAT,PRO,4.48,7,2,0,3,7,3,0
NAT,NAT,3.03,9,2,4,3,5,0,0
LAB,LAB,0.48,4,0,4,0,0,0,0
NZF,NZF,,0,10,5,0,0,10,0
NAT,UF,0.38,6,1,6,8,5,3,5
NAT,LAB,0.86,8,3,5,5,6,5,1
LAB,GRN,0.77,1,9,5,0,2,9,0
LAB,LAB,0.34,8,9,3,3,7,7,5
NAT,NAT,0.86,7,4,4,6,7,2,4
NAT,NAT,0.33,8,3,1,0,7,7,5
GRN,LAB,0.36,2,8,5,5,0,6,6
LAB,LAB,1.61,0,7,0,0,0,7,0
NAT,NAT,0.66,9,0,0,7,8,7,7
NAT,NAT,1.8,8,4,0,2,3,3,4
NAT,DK,0.53,6,4,2,5,5,4,5
LAB,LAB,0.77,10,10,10,0,0,0,5
NAT,NAT,0.33,10,0,0,2,3,1,5
NAT,NAT,0.86,10,0,3,4,10,0,10
NAT,Christian Hetitage,0.33,10,0,0,0,0,0,0
NAT,NAT,0.26,8,3,5,5,6,3,0
LAB,LAB,1.61,8,10,0,0,5,5,5
NAT,ACT,0.86,7,2,0,3,5,4,5
NAT,No Vote,1.65,8,2,3,3,6,5,0
LAB,LAB,3.33,0,10,0,0,0,10,0
NZ Pacific,LAB,3.39,0,0,0,0,0,0,10
GRN,LAB,0.28,1,8,5,0,0,9,5
LAB,No Vote,0.98,7,10,5,5,5,5,5
GRN,GRN,0.59,5,8,5,4,2,9,9
GRN,LAB,1.98,0,0,0,0,0,0,0
No Vote,No Vote,1.56,0,0,0,0,0,0,0
NZF,LAB,0.79,6,6,6,0,0,0,0
NAT,,1.1,8,4,1,1,1,1,4
LAB,LAB,0.48,4,7,2,3,2,6,5
NZF,NZF,0.24,1,8,8,1,0,8,8
NAT,No Vote,1.8,8,5,2,5,8,0,5
LAB,LAB,0.69,1,10,3,2,1,8,0
NAT,LAB,0.77,8,3,5,5,8,8,5
LAB,LAB,1.32,0,5,0,0,0,0,0
NAT,NAT,0.62,8,6,2,6,2,0,1
LAB,LAB,0.6,5,10,4,3,3,3,0
NZF,LAB,0.48,7,4,10,9,8,6,0
Bill and Ben,LAB,,0,0,5,0,0,5,3
No Vote,No Vote,1.39,3,7,0,0,0,0,0
NAT,NZF,1.52,7,0,7,7,0,0,5
LAB,LAB,0.79,3,10,6,3,1,9,3
LAB,LAB,1.36,5,6,3,0,5,6,0
NAT,NAT,1.52,8,1,0,3,7,7,0
LAB,LAB,0.79,3,8,3,3,4,2,2
NZF,No Vote,1.1,6,3,9,1,0,4,3
LAB,LAB,0.69,0,7,0,0,0,0,0
NAT,NAT,1.48,10,3,0,5,9,0,0
NAT,NAT,0.34,9,3,0,2,7,2,1
NAT,NAT,1.48,7,0,0,0,7,0,5
Family,No Vote,,6,5,0,0,0,3,3
LAB,LAB,0.31,2,9,0,0,0,5,0
NAT,NAT,0.35,8,3,1,2,4,4,5
NAT,NAT,3.27,10,8,0,3,5,10,0
NAT,LAB,0.32,9,5,8,0,7,0,0
NAT,UF,0.77,7,3,3,5,3,1,7
NAT,NAT,0.67,9,6,2,2,3,0,3
NAT,NAT,1.52,9,1,1,4,4,1,4
NAT,NAT,0.35,8,4,5,0,5,2,0
NAT,NAT,0.35,8,6,0,0,0,5,0
NAT,NAT,0.62,9,1,1,3,3,0,2
NAT,NAT,0.67,8,2,0,1,0,2,1
NAT,LAB,1.62,10,5,0,2,7,5,6
LAB,LAB,0.89,1,9,1,1,6,10,1
NAT,NAT,0.34,9,2,0,2,2,3,1
NAT,,1.39,8,0,2,3,3,2,5
NAT,LAB,0.77,10,8,10,3,3,10,1
Bill and Ben,NAT,2.87,7,7,3,6,7,7,4
NAT,NAT,0.35,8,5,5,5,5,3,0
LAB,LAB,0.6,5,4,8,2,3,10,4
GRN,GRN,0.96,5,2,0,0,0,10,0
NAT,NAT,0.77,8,5,0,2,3,5,6
ACT,DK,1.63,6,1,1,5,8,5,1
NZF,No Vote,1.1,5,7,8,0,5,5,0
GRN,LAB,2.04,5,7,3,3,0,7,0
NAT,No Vote,0.34,8,5,0,0,6,3,0
LAB,LAB,0.31,5,9,2,2,0,3,5
NAT,NAT,0.35,10,2,0,5,5,0,0
GRN,LAB,0.38,5,10,1,1,0,5,0
NAT,NAT,0.32,8,5,0,2,8,0,3
NAT,NAT,2.81,8,6,6,0,0,0,0
NAT,NAT,0.77,7,0,5,0,7,0,0
NAT,NAT,0.34,9,4,5,6,6,8,6
NAT,LAB,0.35,7,4,3,3,0,6,0
No Vote,NZF,0.49,6,4,7,5,5,2,0
Family,Christian Hetitage,0.64,7,2,0,1,4,0,4
NAT,NAT,0.67,10,1,5,5,5,0,5
NZF,LAB,0.25,0,10,10,0,0,10,0
LAB,DK,0.69,5,8,6,3,6,6,6
NAT,NAT,0.38,10,1,0,4,7,4,3
LAB,LAB,1.36,5,5,0,0,0,0,0
GRN,NAT,0.38,10,9,4,0,0,6,4
NAT,NAT,0.35,4,1,3,0,0,0,1
NAT,NAT,0.35,8,2,5,5,5,1,5
No Vote,LAB,0.49,7,4,4,0,0,0,0
NAT,LAB,0.49,5,5,7,0,0,6,5
LAB,LAB,0.6,0,9,3,3,2,8,3
NZF,NZF,0.48,3,3,4,2,3,0,1
LAB,LAB,1.47,0,10,0,0,0,0,0
LAB,LAB,0.6,0,10,5,0,0,5,5
LAB,LAB,3.22,5,10,0,0,0,0,0
No Vote,No Vote,0.49,8,0,0,0,0,0,0
ACT,ACT,0.82,5,5,2,3,10,5,5
LAB,LAB,1.28,4,9,0,0,1,8,6
LAB,LAB,0.31,2,8,0,0,0,0,0
No Vote,,0.49,0,0,0,0,0,0,0
NAT,GRN,0.88,7,5,0,4,4,6,0
LAB,LAB,0.31,2,9,7,4,5,8,5
NAT,No Vote,1.43,7,6,0,0,2,8,2
NAT,UF,0.88,9,3,0,10,0,1,1
LAB,LAB,0.29,0,10,0,0,0,0,0
NAT,NAT,0.67,10,3,3,0,3,6,0
LAB,LAB,0.3,7,10,2,5,5,6,8
NAT,NAT,0.88,7,0,0,2,2,0,0
LAB,DK,1.47,0,0,0,0,0,0,0
NAT,NAT,0.62,10,0,5,0,3,0,0
NAT,NAT,0.34,10,0,0,2,4,0,2
NAT,NAT,0.67,7,0,0,0,0,0,0
LAB,LAB,2.92,3,7,5,4,0,8,6
GRN,GRN,0.37,2,8,1,1,0,10,8
LAB,LAB,1.47,5,5,2,1,2,2,2
NAT,NAT,0.77,7,3,4,5,5,5,5
NAT,NAT,1.48,8,1,0,0,10,0,6
LAB,NAT,0.3,8,7,0,0,0,4,0
NAT,NAT,0.62,10,5,0,5,8,5,0
LAB,LAB,0.6,5,8,0,5,0,5,5
NAT,NAT,1.64,10,0,0,0,0,0,0
No Vote,No Vote,2.68,0,0,0,0,0,0,0
NAT,NAT,0.35,10,4,2,0,3,5,4
UF,NAT,1.06,7,1,0,8,0,5,0
ACT,NAT,0.72,10,0,8,5,10,0,6
NAT,UF,0.77,8,2,4,4,4,2,5
NAT,NAT,0.35,8,0,0,4,0,0,0
NAT,LAB,2.42,8,7,4,0,4,4,0
NAT,LAB,0.35,8,3,1,1,4,0,0
No Vote,No Vote,0.54,5,5,2,2,2,1,3
NAT,NAT,0.67,10,3,0,4,4,0,0
MAO,,0.21,8,3,0,0,6,3,7
LAB,GRN,0.29,3,9,5,4,1,9,7
NAT,UF,0.77,8,2,2,9,6,3,5
LAB,GRN,1.57,2,10,2,1,1,9,5
NAT,NAT,0.67,7,5,1,0,6,1,0
NAT,NAT,0.35,10,6,7,5,5,6,3
LAB,LAB,0.55,8,8,3,5,6,7,7
LAB,LAB,0.29,2,8,2,2,2,5,8
LAB,LAB,0.31,8,10,7,0,0,0,0
LAB,LAB,1.47,5,10,2,2,0,5,2
NAT,LAB,1.52,5,6,0,4,0,0,3
NAT,NAT,0.34,9,3,3,5,5,6,5
LAB,LAB,0.31,2,9,7,5,5,1,0
NAT,NAT,0.67,10,6,4,5,5,3,1
LAB,LAB,0.29,3,10,2,5,0,7,3
ACT,LAB,0.72,8,5,2,2,8,1,5
NAT,NAT,0.67,8,0,1,3,9,3,0
GRN,LAB,0.35,4,8,0,0,0,10,5
NZF,NAT,1.18,9,0,9,0,0,0,0
LAB,NAT,0.79,8,7,2,0,0,0,3
LAB,LAB,0.69,5,5,5,5,5,5,5
LAB,MAO,0.6,7,10,6,2,5,7,8
NAT,NAT,0.88,8,3,0,5,4,6,0
GRN,LAB,0.42,5,7,0,0,4,7,6
NAT,NAT,0.77,8,4,0,0,9,8,8
GRN,GRN,0.73,5,5,1,0,0,8,0
NAT,NAT,1.52,10,6,5,0,6,5,0
NAT,LAB,0.77,7,6,0,0,0,0,0
LAB,LAB,0.89,4,7,0,5,3,9,8
LAB,LAB,0.6,6,10,1,1,3,6,3
NAT,NAT,1.64,8,2,2,6,5,0,2
LAB,LAB,0.55,4,9,8,5,1,2,5
NAT,No Vote,3.6,10,5,0,0,9,0,0
NAT,,2.81,8,5,2,6,8,5,2
LAB,LAB,0.6,4,7,0,0,0,8,5
NZF,NZF,1.1,8,1,10,10,6,1,6
NAT,NAT,0.35,0,3,2,5,5,0,7
NAT,NAT,1,7,3,2,5,5,1,2
NAT,NAT,0.67,9,3,0,3,8,8,3
LAB,LAB,0.34,8,8,4,4,4,7,4
NAT,NAT,1.52,8,3,1,0,1,0,0
LAB,No Vote,0.34,5,7,1,0,0,6,0
NAT,LAB,1.52,8,5,0,0,0,7,0
NAT,NAT,0.35,8,6,0,5,5,2,3
NAT,NAT,0.29,8,5,5,2,3,0,5
NZF,NZF,0.25,9,8,10,0,0,0,8
NAT,NAT,0.29,8,5,4,0,0,5,0
NAT,LAB,1.64,6,0,0,0,5,5,0
No Vote,DK,5,7,7,4,4,4,8,2
No Vote,Destiny,1.84,5,3,5,0,0,1,0
NZF,NAT,0.25,9,1,0,3,3,0,0
LAB,LAB,1.47,0,10,0,0,0,0,0
LAB,LAB,0.31,8,10,6,0,0,9,0
GRN,GRN,0.84,5,5,0,0,2,10,4
LAB,LAB,0.31,0,10,5,0,0,5,0
NZF,DK,0.25,0,0,0,0,0,0,0
NAT,NAT,0.34,8,5,0,8,1,8,10
NAT,NAT,0.35,0,0,0,0,0,0,0
NAT,NAT,0.77,9,5,1,5,5,5,5
LAB,LAB,2.16,9,10,4,0,0,10,1
NZF,LAB,0.25,7,9,10,7,1,10,7
LAB,LAB,0.31,5,10,10,0,0,4,1
NAT,NAT,0.35,10,1,5,5,5,0,5
Family,UF,,5,5,3,7,4,4,3
LAB,LAB,0.34,5,10,5,5,5,5,5
NAT,NAT,1,9,1,0,5,5,4,5
NAT,LAB,2.42,10,5,0,0,5,0,0
LAB,LAB,0.6,6,8,4,2,4,6,2
ACT,No Vote,0.41,5,4,0,2,5,4,5
LAB,LAB,0.31,0,0,0,0,0,0,0
NZF,NZF,0.25,2,3,1,0,0,0,0
LAB,LAB,0.6,5,8,5,5,5,6,6
NAT,NAT,0.35,10,4,3,2,2,3,3
LAB,LAB,0.89,8,7,7,5,5,4,4
LAB,LAB,0.31,4,7,0,0,2,9,0
NAT,NAT,1.64,10,2,0,6,6,1,4
NAT,NAT,0.88,6,4,1,2,5,0,1
NAT,No Vote,3.27,10,1,7,3,7,5,0
LAB,LAB,0.26,6,10,0,0,0,4,1
NAT,NAT,2.42,9,1,5,2,7,0,0
LAB,LAB,2.92,0,0,0,0,0,0,0
NAT,NZF,0.35,7,7,4,4,4,4,0
NAT,NAT,0.35,8,4,4,6,6,1,1
No Vote,No Vote,0.49,0,0,0,0,0,0,0
LAB,LAB,1.47,5,8,0,2,0,3,4
LAB,LAB,0.31,0,0,10,0,0,10,0
NAT,NAT,1.52,5,3,0,0,0,0,0
NAT,NAT,0.35,10,0,0,0,0,0,0
LAB,LAB,0.6,0,10,0,0,0,8,8
LAB,LAB,0.3,5,8,2,0,0,5,0
NAT,NAT,0.88,10,0,0,0,7,0,0
No Vote,No Vote,2.33,0,6,0,0,0,0,0
LAB,LAB,0.89,0,9,0,0,0,9,2
NAT,NAT,0.77,10,2,2,5,10,3,6
NAT,LAB,0.35,6,6,3,0,0,0,0
NAT,DK,0.77,6,5,5,5,5,0,0
NAT,NAT,0.32,5,5,0,0,0,0,0
NAT,No Vote,,10,0,0,0,7,1,0
LAB,NAT,0.79,9,7,4,0,7,7,4
NAT,NAT,1.64,8,1,0,1,3,1,1
NAT,NAT,0.35,10,0,0,3,3,0,0
NAT,DK,0.77,9,5,5,5,8,5,2
No Vote,No Vote,1.21,8,1,10,4,10,1,9
No Vote,No Vote,2.68,5,5,0,0,0,0,0
LAB,LAB,0.6,0,0,0,0,0,0,0
NAT,NAT,0.35,10,0,0,0,0,0,0
LAB,LAB,0.6,10,10,0,0,1,5,0
No Vote,NAT,5.32,10,0,0,0,0,0,10
ACT,Destiny,1.07,5,5,1,10,8,2,0
NAT,NAT,0.88,8,0,0,5,7,5,2
NAT,LAB,0.38,10,9,0,2,8,4,1
LAB,LAB,1.36,5,9,0,0,0,10,0
NZF,NZF,2.35,0,10,10,0,2,5,1
LAB,LAB,0.6,1,7,0,0,5,2,0
NAT,NAT,0.77,8,1,1,2,8,1,1
GRN,GRN,0.96,4,9,5,5,5,10,5
NAT,No Vote,0.88,8,2,2,0,6,4,5
LAB,LAB,2.16,5,10,5,5,5,5,5
LAB,LAB,0.89,5,5,0,0,0,0,0
NAT,NAT,1.52,10,5,5,0,7,7,0
ACT,NAT,0.72,9,1,1,6,8,4,1
NAT,NAT,0.35,10,0,0,0,0,0,0
LAB,LAB,0.79,5,8,0,0,0,6,0
LAB,LAB,0.31,5,9,4,1,0,1,1
LAB,LAB,0.31,6,10,9,0,0,9,6
NAT,LAB,2.33,5,0,0,0,0,0,0
NAT,NAT,0.35,10,0,0,7,8,4,4
NZF,NAT,0.25,0,0,0,0,0,0,0
NAT,NAT,1,8,2,0,8,5,10,0
LAB,LAB,3.22,0,4,0,0,0,0,4
LAB,LAB,2.92,9,9,3,3,0,5,8
LAB,LAB,0.29,0,10,0,0,0,9,6
NAT,NZF,2.42,8,2,0,0,0,0,2
NAT,LAB,0.35,5,7,2,6,6,0,6
LAB,LAB,0.6,3,10,5,5,3,8,3
NAT,NAT,0.62,10,6,2,6,7,2,6
LAB,LAB,0.31,3,10,7,0,0,5,5
NAT,NAT,0.77,10,1,3,5,8,4,6
NAT,NAT,0.35,9,5,5,6,9,5,7
Family,LAB,1.26,6,2,2,5,4,1,5
NAT,NAT,0.67,7,3,6,8,6,7,6
LAB,LAB,2.16,0,10,0,0,0,0,0
NAT,No Vote,0.35,10,8,0,0,9,9,0
NAT,DK,1.76,5,3,0,2,2,5,5
NAT,NAT,1,9,4,0,3,4,2,3
LAB,LAB,2.16,1,9,0,0,0,9,0
NAT,NAT,1.43,10,1,0,0,5,5,3
LAB,NZF,1.47,3,9,5,5,6,4,3
LAB,LAB,0.89,2,9,0,0,0,9,7
NAT,DK,2.81,8,5,3,7,7,1,7
NAT,NAT,0.38,8,1,0,0,4,4,4
NZF,NZF,0.48,7,7,7,2,0,7,0
LAB,LAB,1.47,2,9,8,5,5,5,7
NAT,NAT,0.67,10,0,0,5,5,0,0
GRN,GRN,1.8,0,0,0,6,6,6,2
LAB,Alliance,0.31,0,0,0,0,0,0,0
GRN,LAB,0.68,3,5,0,0,0,7,1
NAT,NAT,0.35,8,5,0,0,0,0,0
NAT,LAB,1.43,10,7,0,0,0,3,0
LAB,LAB,0.29,1,8,1,2,3,5,7
LAB,LAB,0.69,5,5,1,0,0,8,0
NAT,NAT,0.35,7,4,2,4,5,2,5
NAT,GRN,0.29,7,4,6,3,5,5,1
NAT,ACT,0.35,9,1,2,7,10,0,1
LAB,LAB,1.47,0,10,0,0,0,0,0
NAT,NAT,1.48,10,4,0,6,7,0,5
LAB,LAB,2.16,8,10,7,0,0,0,0
PRO,LAB,1.19,3,7,1,0,1,7,5
NAT,NAT,0.67,10,6,4,4,4,2,1
LAB,LAB,1.28,5,9,3,2,2,9,5
GRN,LAB,0.19,3,7,1,2,1,8,2
NAT,NAT,0.34,7,5,5,4,6,3,5
NAT,NAT,0.35,6,5,0,0,3,0,0
LAB,LAB,0.6,3,10,0,0,0,10,7
LAB,LAB,0.31,0,10,0,0,0,0,0
LAB,LAB,1.36,5,8,0,0,0,8,0
LAB,LAB,0.29,4,10,6,2,1,8,7
NAT,LAB,0.7,3,3,0,0,1,1,0
LAB,LAB,0.34,1,9,0,0,0,8,5
LAB,LAB,0.79,5,10,5,5,9,0,5
NAT,NAT,0.34,7,4,2,4,7,0,2
NAT,NAT,0.32,7,3,0,0,6,2,0
GRN,DK,1.62,5,5,5,0,0,5,0
LAB,LAB,1.84,0,10,3,3,3,4,5
NZF,LAB,0.55,6,1,6,5,0,0,5
LAB,LAB,0.69,3,9,6,0,0,1,6
GRN,GRN,0.35,3,7,2,2,2,8,6
NAT,DK,0.67,5,0,0,0,0,3,0
GRN,LAB,0.19,3,8,5,5,0,8,6
LAB,LAB,0.79,2,10,3,0,3,8,4
LAB,LAB,0.3,2,10,0,0,0,7,5
NAT,LAB,0.88,10,5,0,0,4,8,5
NAT,LAB,1.76,7,6,3,3,3,7,6
ACT,NAT,0.36,10,2,0,5,10,2,2
NAT,ACT,1.48,9,4,1,1,2,9,2
PRO,No Vote,1.15,6,7,3,8,1,5,6
NAT,LAB,0.88,6,6,4,4,3,9,3
LAB,LAB,0.31,3,10,4,0,0,9,6
NAT,LAB,1.76,6,5,0,1,1,5,5
GRN,GRN,1.67,2,10,5,5,5,10,6
LAB,GRN,1.84,3,8,1,2,0,8,5
NAT,NAT,0.67,8,3,3,0,0,0,0
NAT,LAB,1.52,9,7,0,0,0,7,0
LAB,LAB,0.6,7,10,2,0,0,0,0
GRN,LAB,0.96,6,8,2,2,2,7,5
LAB,LAB,0.15,5,9,0,1,5,8,8
GRN,LAB,1.93,3,7,0,0,0,9,0
LAB,LAB,0.79,3,8,3,0,0,5,4
GRN,GRN,0.32,2,9,1,3,3,10,7
GRN,GRN,0.96,2,9,2,2,0,9,0
GRN,GRN,0.35,2,8,0,0,0,10,0
LAB,LAB,2.92,4,9,6,3,3,8,7
LAB,LAB,0.34,3,8,1,1,1,2,2
NAT,LAB,0.35,10,5,0,0,0,10,0
LAB,LAB,0.29,6,8,0,0,0,6,6
LAB,LAB,0.29,7,8,2,1,5,10,5
LAB,LAB,0.6,0,10,0,0,0,9,0
NAT,GRN,1.43,7,7,1,2,5,6,2
LAB,LAB,1.57,2,8,5,5,1,6,5
LAB,LAB,2.92,8,10,7,6,6,10,6
NAT,No Vote,0.34,5,5,0,5,0,5,0
NAT,ACT,0.88,6,3,1,1,6,3,0
GRN,LAB,1.39,6,7,0,1,1,8,4
NAT,NAT,3.27,9,8,3,1,4,4,2
LAB,LAB,0.79,8,10,2,0,0,7,5
NAT,NAT,0.88,9,3,3,3,6,0,2
LAB,No Vote,0.79,5,5,0,0,0,0,0
NAT,LAB,0.35,8,8,0,4,4,5,0
NAT,NAT,1.43,8,7,3,4,4,7,3
LAB,LAB,0.3,0,10,6,0,0,10,6
NAT,DK,0.67,5,5,5,5,5,5,5
NAT,LAB,0.77,8,7,0,5,5,4,5
LAB,LAB,0.79,0,10,0,0,5,3,0
LAB,LAB,0.6,0,10,2,4,3,3,0
NAT,NAT,1.48,8,3,1,6,3,6,7
NAT,NAT,0.77,10,4,0,4,5,1,5
LAB,DK,0.6,0,10,10,0,0,0,0
NAT,NAT,1.48,9,4,0,2,5,5,0
NAT,DK,1.52,5,3,0,5,5,2,5
NAT,NAT,2.81,6,4,4,5,5,5,0
NAT,NAT,1.52,10,4,4,3,6,6,5
GRN,GRN,0.37,2,9,1,1,0,10,10
UF,No Vote,0.46,7,5,5,7,7,5,5
NAT,LAB,0.88,5,8,0,0,2,5,0
LAB,LAB,2.16,8,8,0,0,8,0,0
ACT,ACT,1.53,7,3,5,0,8,8,8
PRO,LAB,1.95,2,7,4,0,0,2,2
LAB,LAB,0.3,2,10,0,0,0,6,2
LAB,LAB,0.31,0,10,0,0,0,0,0
LAB,LAB,0.98,0,10,0,0,0,0,0
LAB,LAB,0.98,5,9,4,0,0,6,3
LAB,LAB,2.16,0,10,0,0,0,0,0
NAT,ACT,0.62,7,5,5,5,5,5,2
LAB,LAB,0.69,4,6,1,3,2,1,5
LAB,LAB,0.6,0,10,5,0,2,5,5
LAB,LAB,0.3,8,5,0,0,2,5,1
LAB,LAB,0.98,0,10,5,0,0,0,0
LAB,LAB,0.3,5,9,1,1,1,8,7
ACT,ACT,0.45,9,4,4,6,10,0,8
LAB,LAB,1.47,0,8,0,0,0,0,0
ACT,NAT,0.27,7,3,1,6,6,6,6
NAT,NAT,0.86,8,0,5,6,8,0,0
NAT,LAB,0.33,7,3,2,2,2,2,2
LAB,LAB,0.3,1,6,3,0,0,3,0
NAT,NAT,0.33,9,9,5,5,2,2,0
NAT,NAT,0.33,10,2,6,5,10,2,7
NZF,NZF,0.24,6,6,9,0,0,0,8
NAT,NAT,0.33,10,0,0,0,5,0,5
NAT,DK,0.35,8,0,5,1,7,0,0
LAB,LAB,0.3,4,9,4,4,2,5,4
NAT,LAB,0.33,4,4,4,4,4,4,4
NAT,LAB,1.64,7,0,0,0,0,0,0
PRO,NZF,1.32,4,1,5,0,5,5,7
NAT,DK,0.67,5,5,5,5,5,5,5
LAB,LAB,1.05,6,8,6,0,5,0,0
NAT,NAT,0.67,10,2,0,2,5,3,3
LAB,LAB,0.69,4,6,0,3,3,6,6
NAT,LAB,0.67,7,7,2,2,0,5,0
LAB,LAB,0.77,0,10,3,0,0,10,9
NAT,NAT,1.8,9,2,0,0,10,2,0
NAT,NAT,0.86,7,2,4,3,4,0,5
NAT,NAT,0.86,10,0,0,0,0,0,0
NAT,NAT,3.57,10,0,0,0,7,0,3
LAB,LAB,0.98,0,10,0,0,0,10,0
NAT,NAT,0.86,8,6,5,6,6,7,7
NAT,LAB,2.91,6,6,2,0,0,3,0
NAT,NAT,0.42,8,3,2,5,4,6,5
LAB,LAB,1.47,0,10,0,0,0,0,0
LAB,LAB,0.55,4,7,7,4,2,6,5
NAT,NAT,2.42,9,1,1,1,2,1,1
NAT,NAT,0.35,8,3,3,5,8,0,3
LAB,LAB,0.31,1,10,10,2,0,2,1
NAT,LAB,1.64,5,3,1,0,1,1,1
NAT,UF,0.32,7,0,2,8,10,0,0
NAT,NAT,0.33,10,0,0,0,5,2,0
NAT,NAT,1.8,9,0,7,7,6,1,1
NAT,NAT,1,10,0,2,8,5,0,5
NAT,NAT,0.33,0,0,0,0,0,1,0
NAT,,0.33,9,2,0,3,7,0,0
LAB,LAB,0.98,0,8,0,0,0,0,0
GRN,UF,0.36,3,8,2,5,0,9,5
NAT,NAT,1.1,8,2,2,2,2,0,4
LAB,LAB,0.31,4,7,2,2,2,7,3
LAB,LAB,0.77,2,4,2,2,2,3,3
MAO,NZF,1.07,0,0,10,0,0,0,10
MAO,LAB,5.33,0,0,0,0,0,0,10
MAO,LAB,0.23,8,8,0,2,2,3,9
LAB,,0.3,0,10,6,0,0,9,8
LAB,LAB,0.31,5,10,7,0,0,8,5
GRN,LAB,1.28,0,5,5,0,0,10,0
MAO,GRN,0.91,5,5,0,0,0,10,10
LAB,LAB,0.34,5,8,2,0,2,2,0
MAO,LAB,2.67,1,7,5,0,4,5,7
MAO,MAO,0.47,0,0,0,0,0,0,10
NZF,NZF,0.62,5,5,6,0,0,0,6
LAB,LAB,3.19,3,10,0,0,0,0,7
NZF,NZF,1.74,0,0,10,0,0,0,10
LAB,LAB,4.48,5,10,8,5,5,7,10
NZF,NZF,0.25,4,9,10,2,2,4,5
LAB,LAB,1.36,2,6,4,0,0,6,0
MAO,LAB,0.21,10,4,10,0,0,0,10
LAB,LAB,4.48,2,10,1,0,0,4,10
LAB,LAB,4,7,9,4,1,0,4,9
MAO,NZF,0.91,6,5,5,3,3,2,9
LAB,LAB,1.61,6,4,6,4,2,1,1
LAB,LAB,0.89,2,8,0,0,1,7,7
LAB,LAB,1.36,0,10,10,0,0,10,10
LAB,,,6,0,2,6,5,4,0
MAO,MAO,0.65,3,7,5,5,5,5,10
LAB,LAB,1.21,9,10,5,2,0,7,7
GRN,GRN,0.59,0,6,0,0,0,10,5
LAB,,0.98,5,5,5,5,5,5,5
MAO,NZF,0.2,8,6,8,0,6,3,10
MAO,LAB,0.25,5,10,5,0,0,5,10
LAB,No Vote,2.81,3,8,0,0,0,8,6
MAO,MAO,0.91,3,10,2,5,5,8,10
MAO,MAO,0.4,5,9,5,0,0,9,9
MAO,No Vote,5.28,4,4,3,5,5,8,8
LAB,LAB,0.48,5,5,6,2,5,2,5
LAB,LAB,2.92,0,10,4,0,0,9,1
MAO,MAO,0.21,8,9,7,2,4,9,10
NAT,LAB,1.62,9,5,7,7,7,8,8
MAO,LAB,0.51,0,10,8,0,0,9,9
MAO,MAO,1.62,3,3,5,7,7,9,9
LAB,LAB,3.19,4,8,5,0,0,4,5
LAB,LAB,0.29,6,6,3,2,3,6,6
No Vote,No Vote,1.62,3,7,4,3,3,4,5
NAT,No Vote,2.65,8,6,1,0,0,0,0
LAB,LAB,1.48,1,10,10,5,2,10,10
MAO,LAB,0.4,6,8,7,8,4,8,9
MAO,No Vote,0.21,5,5,10,0,0,0,10
MAO,LAB,1.56,5,7,3,8,3,4,10
LAB,LAB,0.77,1,7,7,0,0,6,7
LAB,NZF,0.49,5,6,8,0,1,1,10
LAB,LAB,1.84,5,8,6,5,5,10,10
LAB,NZF,0.49,2,7,7,0,0,6,6
NZF,NZF,1.3,7,8,8,3,4,5,3
MAO,LAB,0.23,5,5,1,0,1,7,10
LAB,LAB,1.21,0,3,3,0,0,10,10
LAB,LAB,0.37,7,8,6,0,2,6,6
NAT,LAB,2.81,6,5,4,3,2,7,7
NZF,NZF,0.25,8,2,9,1,1,1,5
MAO,LAB,0.4,4,4,5,4,3,4,5
MAO,LAB,2.67,5,5,5,0,2,5,7
LAB,LAB,1.61,3,7,1,0,1,6,6
LAB,LAB,0.6,2,10,5,0,0,10,10
GRN,GRN,0.42,5,8,8,2,2,10,8
NZF,LAB,0.79,0,10,10,0,0,5,10
LAB,LAB,1.36,2,10,0,3,3,5,5
MAO,NZF,0.2,1,6,10,0,0,2,10
LAB,LAB,0.77,3,9,6,5,0,7,7
LAB,LAB,0.79,2,8,0,0,0,8,0
GRN,DK,0.42,4,6,3,2,1,8,6
LAB,LAB,0.69,5,10,9,9,5,8,10
MAO,LAB,0.4,0,0,0,0,0,0,0
NAT,MAO,1.17,8,4,6,1,3,6,10
NZF,LAB,1.18,5,10,10,0,5,5,10
GRN,LAB,0.58,0,3,0,0,0,9,10
NAT,NAT,0.53,8,8,5,5,1,6,5
Kiwi,Destiny,1.62,0,3,10,0,0,5,8
LAB,LAB,1.66,2,8,0,0,0,8,6
MAO,No Vote,0.91,2,10,1,1,1,1,5
LAB,LAB,4,2,7,4,5,2,8,8
LAB,LAB,1.47,3,7,6,2,1,5,8
GRN,GRN,0.95,0,10,5,0,0,10,0
MAO,LAB,,3,10,5,0,0,5,5
LAB,LAB,1.36,5,10,5,5,4,9,6
LAB,LAB,1.21,0,10,0,0,0,0,0
MAO,MAO,0.19,6,6,4,2,4,6,9
MAO,LAB,0.2,1,2,2,0,0,2,10
LAB,LAB,3.22,0,10,0,2,4,7,10
MAO,NZF,0.65,8,6,8,5,0,2,8
No Vote,LAB,1.21,1,8,5,1,1,1,7
LAB,LAB,2.33,0,6,6,0,0,6,6
NAT,ACT,1,8,1,0,8,8,3,8
LAB,LAB,3.19,0,0,0,0,0,0,0
LAB,LAB,0.31,0,10,5,5,5,10,5
NAT,NAT,0.86,10,2,6,6,6,6,6
LAB,No Vote,1.32,4,6,1,0,0,4,0
NAT,NAT,0.67,8,2,1,4,6,0,3
NAT,DK,1.65,8,2,2,5,5,6,0
NZF,NZF,0.62,5,9,8,0,0,0,0
NAT,GRN,1.64,10,6,0,4,3,5,6
NAT,NAT,0.35,7,1,1,5,1,2,1
NAT,NAT,1.52,10,3,0,5,5,6,5
LAB,LAB,0.98,5,10,5,5,5,8,6
LAB,LAB,0.31,6,10,4,0,0,0,0
NAT,NAT,0.86,7,0,0,2,2,0,0
NAT,NAT,1.64,9,3,0,6,6,2,1
LAB,LAB,0.55,0,10,5,0,0,10,0
LAB,LAB,0.3,0,8,2,0,0,1,0
LAB,LAB,0.26,2,9,3,1,0,8,8
GRN,GRN,1.62,3,8,3,0,2,10,8
LAB,LAB,0.77,6,8,5,5,5,0,5
NAT,LAB,0.66,8,5,0,5,10,4,0
LAB,LAB,0.3,3,10,3,0,0,10,10
ACT,ACT,1.77,8,2,0,2,9,2,7
NAT,ACT,0.38,8,3,0,4,7,1,4
LAB,LAB,0.46,4,9,1,1,1,10,6
LAB,LAB,0.3,3,10,0,0,0,8,7
NAT,LAB,0.33,8,3,5,7,1,6,7
NAT,NAT,,8,3,1,2,2,5,4
LAB,No Vote,1.36,3,8,5,5,1,3,4
NAT,LAB,0.67,4,3,0,0,0,3,0
LAB,LAB,1.47,6,7,3,3,3,0,0
LAB,LAB,0.62,2,10,1,1,1,7,5
No Vote,LAB,3.33,0,8,0,5,0,5,5
NAT,GRN,0.88,8,2,0,3,2,3,6
LAB,LAB,0.59,3,8,0,0,6,1,5
GRN,LAB,0.73,3,10,0,4,0,8,6
LAB,LAB,0.31,7,9,5,1,0,7,1
NAT,NAT,0.77,9,3,3,3,9,5,5
NAT,NAT,0.67,10,2,2,5,5,2,5
NAT,NAT,0.35,10,0,1,7,5,6,0
NAT,NZF,0.67,6,3,6,0,3,3,3
No Vote,DK,3.05,0,0,0,0,0,0,0
No Vote,No Vote,5.33,7,5,2,5,6,6,2
NZF,NZF,1.18,5,5,10,2,2,7,5
LAB,LAB,0.98,1,7,10,0,0,5,0
LAB,LAB,1.47,1,10,4,4,4,4,4
LAB,LAB,0.55,5,4,0,9,1,6,5
UF,LAB,0.46,6,6,0,7,0,6,5
NAT,NAT,0.35,10,6,0,7,0,0,0
GRN,LAB,0.96,8,8,0,0,0,9,5
NAT,NAT,0.66,8,3,0,6,7,7,6
LAB,LAB,0.34,0,10,2,1,1,10,5
NAT,LAB,2.81,8,7,4,2,6,3,3
LAB,LAB,1.66,5,9,6,7,7,7,7
LAB,GRN,0.6,2,7,6,2,0,6,5
LAB,LAB,0.98,5,9,9,0,1,9,6
NAT,NAT,0.35,10,1,1,5,4,1,5
NAT,NAT,1.8,7,0,0,5,5,5,3
LAB,LAB,0.77,5,10,8,5,2,8,8
LAB,LAB,1.32,1,3,0,0,0,2,0
LAB,LAB,0.3,5,8,1,1,0,0,0
LAB,LAB,0.77,8,10,5,1,3,9,0
NAT,NAT,0.53,7,7,0,0,3,0,3
LAB,LAB,0.31,0,10,7,1,0,6,8
NAT,NAT,0.86,10,0,0,5,10,0,5
NAT,NAT,0.49,10,5,1,5,6,2,3
NAT,NAT,0.51,9,2,0,0,4,0,6
LAB,LAB,0.3,3,10,0,0,0,6,3
ACT,NAT,0.35,10,4,6,6,8,4,4
ACT,NAT,1.25,9,3,1,6,10,3,6
LAB,LAB,0.3,4,6,4,3,0,5,0
NAT,NAT,1.48,5,0,0,0,0,0,0
LAB,LAB,0.3,10,9,9,6,5,6,2
NAT,NAT,1.8,8,6,1,6,7,5,7
NAT,NAT,0.33,9,5,7,0,0,5,0
ACT,NAT,3.25,9,2,4,4,9,0,6
LAB,LAB,0.98,4,10,4,3,0,2,5
ACT,NAT,0.66,9,0,1,1,8,0,8
LAB,DK,1.36,5,8,2,2,2,8,3
NAT,NAT,0.42,10,1,3,0,4,4,4
NAT,LAB,3.57,7,4,3,2,3,1,1
NAT,NAT,1.1,10,0,5,8,6,2,8
LAB,LAB,1.36,5,7,5,5,5,7,5
LAB,LAB,0.31,5,10,6,0,0,6,0
NAT,LAB,0.66,8,6,3,7,7,6,8
NAT,LAB,0.77,6,5,0,1,3,4,0
NAT,NAT,0.33,10,5,0,5,6,0,5
LAB,LAB,1.47,2,10,9,0,10,6,5
LAB,LAB,0.3,5,10,8,0,0,0,0
GRN,GRN,0.99,0,5,5,4,0,7,1
LAB,LAB,1.32,4,6,0,0,0,7,0
NZF,NZF,0.79,7,1,10,7,1,1,1
NZF,NZF,0.63,3,7,10,1,0,4,5
GRN,LAB,0.28,6,5,0,2,1,9,9
LAB,LAB,0.6,6,10,7,2,0,9,5
NAT,NAT,1.65,9,2,0,5,8,1,4
NAT,LAB,2.91,5,7,0,0,0,0,0
NZF,NZF,0.63,6,8,10,0,5,0,0
ACT,ACT,0.82,5,6,3,3,7,5,0
LAB,LAB,3.22,5,9,1,1,7,5,2
LAB,LAB,0.3,3,4,0,0,0,4,0
LAB,LAB,0.77,5,5,1,5,5,6,6
LAB,NAT,0.6,5,10,0,0,0,0,0
NZF,NAT,3.22,6,2,3,0,0,0,0
LAB,LAB,0.3,0,10,7,1,0,5,1
NAT,LAB,0.86,6,6,0,6,0,2,3
LAB,LAB,0.31,10,10,10,9,9,3,2
NAT,NAT,1.65,8,5,0,5,5,3,7
NZF,LAB,0.24,5,8,8,0,0,8,3
LAB,LAB,0.3,2,9,4,2,2,7,6
NAT,LAB,0.38,7,5,2,4,5,4,5
NAT,ACT,0.86,10,0,0,5,10,0,5
LAB,LAB,1.47,2,10,5,0,0,0,0
LAB,LAB,0.31,4,10,8,1,1,2,2
LAB,LAB,0.31,1,10,1,1,1,7,5
NAT,NAT,0.35,10,2,2,2,3,0,7
LAB,LAB,0.3,0,0,0,0,0,0,0
LAB,LAB,2.16,3,7,0,0,0,6,7
NZF,GRN,0.76,7,7,10,7,2,10,0
NAT,NAT,0.35,8,2,1,6,5,5,5
NAT,NAT,0.33,3,0,0,0,0,0,0
LAB,LAB,5.32,5,7,3,3,3,5,4
LAB,LAB,0.98,0,10,0,0,0,0,0
No Vote,NAT,1.21,4,4,0,0,0,0,0
LAB,DK,1.57,0,5,2,2,2,4,2
MAO,GRN,0.88,0,2,5,5,0,9,10
NAT,NAT,0.35,10,3,0,5,5,2,2
NAT,UF,0.62,9,5,5,5,4,4,6
LAB,LAB,0.48,0,8,3,0,0,10,8
NAT,LAB,0.67,8,3,4,0,0,0,0
NAT,NAT,1.52,9,1,0,5,7,3,5
NAT,NZF,0.26,8,2,4,5,5,0,5
LAB,GRN,0.77,4,8,0,3,2,8,5
NAT,LAB,1.17,7,6,0,0,0,0,5
LAB,LAB,0.31,3,8,0,0,0,0,0
NAT,NAT,0.35,10,0,0,1,7,2,0
NAT,NAT,0.62,7,3,0,5,6,0,5
LAB,LAB,0.46,4,7,7,0,4,7,6
NAT,NAT,0.86,9,1,1,1,7,2,5
LAB,LAB,0.23,3,8,3,8,1,6,5
LAB,LAB,1.32,5,8,1,1,0,5,1
LAB,LAB,0.6,1,10,5,0,0,5,0
GRN,LAB,0.72,3,7,2,5,2,7,5
LAB,LAB,0.29,3,10,7,0,5,7,7
NAT,LAB,0.66,6,7,1,1,4,4,4
NAT,NAT,1.52,10,7,1,0,0,1,0
NAT,NAT,0.35,10,5,2,5,3,5,6
LAB,LAB,1.61,5,5,0,0,5,9,5
LAB,LAB,0.55,5,8,5,4,4,5,5
NZF,LAB,1.3,6,9,7,0,0,7,5
NZF,NZF,0.25,6,8,8,3,3,1,1
LAB,DK,0.79,8,5,0,1,2,3,0
ACT,NAT,0.93,7,3,0,2,7,0,1
NAT,LAB,0.26,7,7,5,5,0,5,6
LAB,LAB,2.16,0,0,0,0,0,0,0
LAB,LAB,1.47,3,9,5,1,0,3,0
LAB,LAB,0.98,3,6,3,3,2,3,3
GRN,LAB,0.73,3,8,2,2,2,7,6
ACT,NZF,3.13,5,1,2,0,0,0,0
NZF,NZF,0.62,4,6,6,4,0,4,3
NAT,NAT,1.86,5,6,2,2,6,2,2
NAT,LAB,0.88,8,7,0,0,0,0,0
NAT,NAT,1.48,9,3,0,1,1,4,2
NAT,NAT,0.38,9,4,0,4,5,0,5
NZF,NZF,0.24,6,3,8,5,8,5,2
LAB,LAB,0.48,3,7,4,2,0,7,5
NAT,DK,0.34,6,3,2,0,2,4,6
NAT,NAT,1.56,5,5,5,5,5,0,5
UF,UF,1.32,3,2,1,10,1,1,2
NAT,NAT,0.35,10,5,0,5,5,4,7
PRO,LAB,0.88,6,8,3,1,3,5,0
NAT,NAT,2.42,0,0,0,0,0,0,0
NAT,NAT,1.76,9,2,1,6,7,7,2
NAT,NAT,0.86,9,4,4,4,4,6,4
NAT,DK,0.77,8,1,3,5,6,6,6
LAB,LAB,0.31,8,8,6,7,7,7,0
NAT,NAT,0.86,8,3,8,5,2,2,2
GRN,LAB,0.36,3,7,6,2,1,9,6
NAT,NAT,0.88,8,6,4,5,5,4,4
NAT,LAB,0.32,6,4,7,3,3,8,0
NAT,NAT,0.86,8,4,0,4,6,6,1
GRN,LAB,1.39,5,7,1,1,1,7,5
NAT,NAT,0.86,8,0,0,3,7,0,5
LAB,LAB,0.31,5,7,0,0,0,0,0
GRN,LAB,0.68,2,9,0,0,0,10,5
NZF,LAB,0.3,3,9,8,4,0,9,5
LAB,NAT,0.69,9,1,0,5,0,5,1
NAT,NAT,0.53,9,3,5,7,6,0,7
NAT,DK,0.86,7,3,0,4,7,0,2
NAT,NAT,1.52,8,5,0,1,2,0,0
NAT,NAT,0.26,8,2,2,6,6,1,4
LAB,LAB,0.98,5,2,0,0,0,0,0
NAT,UF,0.35,8,2,1,5,6,1,0
NAT,NAT,0.86,7,4,2,4,5,2,3
NAT,NAT,0.77,9,5,5,6,5,2,7
NAT,NAT,0.67,10,0,5,5,8,5,0
LAB,LAB,0.3,5,10,5,0,5,8,4
NZF,UF,0.48,7,2,4,2,2,1,4
LAB,LAB,0.55,7,9,1,0,0,2,0
NAT,GRN,1.17,7,3,0,5,6,7,3
LAB,LAB,0.89,2,7,1,3,3,10,7
LAB,LAB,0.31,2,9,1,4,0,2,9
NAT,NAT,1.1,10,6,8,5,6,4,5
NAT,LAB,1.52,9,8,9,5,5,5,5
NAT,NAT,0.86,8,7,0,3,3,0,7
NAT,NAT,0.35,6,3,3,9,0,5,5
NAT,UF,1,9,9,0,6,0,8,8
LAB,LAB,0.31,8,9,5,5,1,7,5
LAB,LAB,1.47,5,8,8,5,0,5,5
LAB,LAB,0.98,1,10,5,5,5,5,5
No Vote,NAT,0.54,10,0,0,2,2,0,0
NAT,LAB,0.86,5,3,5,3,3,2,5
NAT,NAT,1.64,9,1,0,3,3,2,5
LAB,LAB,2.61,5,8,7,5,7,5,5
NAT,ACT,0.33,10,2,1,5,8,1,5
NZF,NZF,0.25,6,4,0,0,0,0,0
NAT,NAT,0.77,8,5,0,5,6,4,1
ACT,LAB,0.35,6,8,5,2,6,5,5
LAB,LAB,0.79,0,8,4,2,0,10,5
LAB,LAB,0.34,5,10,5,5,5,5,5
NAT,NAT,2.81,10,3,6,0,0,0,10
NAT,NAT,0.67,7,1,6,2,1,3,1
LAB,LAB,0.31,2,10,5,5,2,8,7
LAB,DK,1.36,5,5,5,0,0,0,0
LAB,LAB,0.34,8,9,0,0,0,7,0
NAT,NZF,0.86,9,6,5,5,7,5,5
ACT,LAB,1.25,5,6,3,3,8,6,2
GRN,GRN,1.28,5,7,2,1,0,8,7
NAT,LAB,1,7,8,5,3,1,6,7
NAT,NAT,0.86,8,2,0,5,7,5,6
LAB,LAB,1.28,2,10,0,1,1,6,0
NAT,NAT,0.51,8,1,0,0,0,0,2
NAT,NAT,0.67,6,4,0,0,0,0,0
NAT,NAT,2.42,8,0,0,0,0,0,0
NAT,NAT,0.53,7,3,1,1,2,2,1
GRN,GRN,0.73,2,8,3,1,0,10,0
NAT,LAB,0.88,9,7,0,5,7,8,6
PRO,LAB,0.5,8,5,4,3,2,1,7
LAB,DK,0.6,6,9,6,4,4,9,7
NAT,NAT,0.86,9,3,5,7,8,1,6
NAT,NAT,0.38,10,0,0,6,7,2,8
NAT,NAT,0.53,10,0,0,0,4,0,7
NAT,NAT,1.39,9,0,3,8,8,5,0
NAT,LAB,0.35,8,6,3,5,5,5,4
NAT,NAT,0.77,0,0,0,0,0,0,0
MAO,MAO,0.37,4,7,0,3,0,7,7
LAB,LAB,0.3,5,10,5,5,0,0,0
NAT,NAT,0.53,5,5,5,5,5,5,5
LAB,GRN,0.31,5,9,5,5,2,9,8
NAT,NAT,0.86,10,2,0,0,4,0,0
LAB,LAB,1.47,5,10,5,8,0,6,5
GRN,MAO,0.35,3,7,1,1,1,9,9
ACT,ACT,0.57,5,4,3,2,8,7,6
LAB,NAT,0.69,7,6,5,5,5,5,5
LAB,LAB,0.3,0,7,0,0,0,0,0
LAB,LAB,0.98,8,8,8,0,0,8,8
LAB,DK,3.33,7,9,0,0,0,6,0
LAB,LAB,0.6,6,6,0,0,0,0,0
ACT,DK,1.39,7,5,0,4,6,4,2
NAT,No Vote,3.27,5,3,1,1,1,1,2
LAB,LAB,0.48,2,8,1,0,0,5,2
Family,Other,1.62,6,2,5,5,0,0,6
NAT,NAT,0.53,6,7,2,7,4,2,5
LAB,LAB,0.31,5,10,5,1,0,10,0
PRO,LAB,0.7,7,7,3,0,6,6,5
LAB,LAB,0.89,2,10,0,4,0,9,9
LAB,LAB,0.15,2,10,2,5,0,10,8
NAT,NAT,0.26,9,2,0,5,8,5,0
NAT,GRN,0.38,7,5,3,3,4,6,5
NAT,NAT,0.62,9,3,1,3,3,4,3
NAT,NAT,0.34,8,0,0,5,5,0,5
LAB,LAB,0.46,1,10,1,0,0,5,6
GRN,GRN,0.18,5,6,0,5,4,8,6
NAT,NAT,0.88,8,4,3,4,6,5,5
LAB,LAB,0.55,4,9,6,5,0,8,6
NAT,NAT,0.35,10,0,0,0,0,0,0
NAT,DK,3.6,9,7,0,8,0,0,0
LAB,LAB,0.55,5,9,0,0,7,7,0
NAT,NAT,0.88,10,0,0,5,7,5,5
GRN,GRN,0.42,1,10,0,0,0,10,2
LAB,LAB,0.31,5,10,6,4,0,7,4
LAB,LAB,0.6,0,10,0,0,0,0,0
NAT,NAT,0.34,8,4,0,1,5,2,0
NAT,NAT,0.33,8,4,1,1,4,6,4
LAB,LAB,0.3,2,8,5,0,0,7,0
NAT,NAT,0.88,7,5,3,4,3,2,2
NAT,NAT,0.86,9,0,0,5,5,1,5
NAT,ACT,0.33,10,1,1,5,8,1,1
NZF,NZF,0.25,0,5,10,5,0,0,0
NAT,NAT,0.53,7,3,0,3,3,0,2
NAT,NAT,0.29,5,5,3,5,3,3,0
NAT,NAT,0.86,7,3,1,3,1,3,1
NAT,LAB,0.51,7,4,0,2,5,0,4
NAT,NZF,1.1,9,0,3,8,4,0,5
NAT,NAT,0.88,9,6,2,5,5,7,5
LAB,LAB,0.3,2,10,0,0,0,10,3
NAT,NAT,1.52,10,4,0,6,4,5,0
NAT,NAT,0.77,8,0,5,7,8,2,2
LAB,LAB,0.3,3,9,0,0,0,5,3
NAT,UF,0.17,10,0,3,9,7,7,0
LAB,LAB,0.31,5,8,2,2,3,4,2
No Vote,LAB,1.21,4,3,2,2,2,5,5
NAT,NAT,0.34,8,4,0,5,5,1,4
LAB,LAB,0.48,5,10,5,0,5,8,5
NAT,NAT,0.35,6,4,1,0,2,1,2
NAT,LAB,0.35,8,7,7,0,5,5,7
LAB,LAB,0.31,5,10,5,5,5,5,0
LAB,LAB,0.6,1,10,4,4,4,8,8
NAT,NAT,0.33,10,5,5,5,8,0,5
NAT,UF,0.67,8,8,2,8,7,7,8
LAB,LAB,2.61,5,10,3,0,0,6,5
LAB,LAB,0.3,0,10,0,0,0,0,0
ACT,ACT,0.35,8,5,2,0,6,2,4
NAT,LAB,0.33,7,7,3,4,1,5,4
GRN,LAB,0.38,7,7,6,6,1,10,9
NZF,NAT,0.38,7,6,6,6,2,2,2
NAT,NAT,1.8,9,2,5,5,6,1,5
LAB,LAB,0.77,5,10,0,5,1,10,0
LAB,LAB,0.48,5,8,0,0,2,7,5
LAB,LAB,0.29,3,7,2,2,2,7,7
ACT,NAT,0.35,8,4,0,2,7,4,6
NAT,NAT,0.53,8,2,0,4,5,5,0
NAT,LAB,0.77,9,2,2,9,8,6,6
NZF,NZF,0.24,10,3,5,0,2,2,7
LAB,LAB,0.77,4,7,0,4,4,7,7
NAT,NAT,0.53,7,5,2,0,2,0,3
LAB,LAB,0.3,8,9,2,0,0,1,0
ACT,NAT,3.12,10,1,3,5,9,4,5
NAT,ACT,0.26,2,0,0,3,6,0,0
NAT,NAT,0.66,8,5,3,2,4,4,4
NAT,NZF,3.33,8,4,6,4,5,3,1
LAB,LAB,0.31,3,9,3,1,2,7,2
NAT,NAT,0.33,9,6,4,5,4,4,4
NAT,NZF,0.35,8,3,5,5,4,6,6
NAT,NAT,0.33,7,1,0,0,0,3,5
NAT,ACT,2.65,9,3,6,7,9,2,3
LAB,DK,0.79,5,5,0,0,0,0,0
LAB,LAB,0.23,5,8,0,0,0,8,5
NAT,NAT,0.84,10,0,0,5,5,7,7
NAT,NAT,0.77,9,2,0,10,10,7,5
LAB,LAB,1.48,7,9,4,2,3,1,5
NAT,UF,1.43,7,3,0,6,5,0,6
NAT,NAT,2.33,10,0,0,0,0,0,0
ACT,DK,1.63,10,4,2,4,10,4,2
No Vote,No Vote,5.32,6,6,4,7,6,8,1
NAT,NAT,0.33,9,4,2,1,7,1,0
GRN,GRN,0.68,9,7,0,8,7,8,7
NAT,NAT,0.86,8,0,2,1,1,0,1
NAT,NAT,0.86,8,0,0,6,9,0,2
LAB,,0.3,5,7,10,0,9,5,0
LAB,LAB,1.48,0,7,5,5,0,7,5
NAT,LAB,0.32,7,6,0,0,0,5,5
LAB,LAB,0.48,7,5,6,0,0,0,5
NAT,DK,0.35,5,3,3,4,4,3,3
LAB,LAB,0.48,8,10,5,0,0,0,0
NAT,ACT,0.42,8,0,0,0,9,0,7
NAT,LAB,1.8,7,5,1,3,4,2,1
LAB,LAB,0.31,2,7,4,0,0,0,0
NAT,NAT,0.67,8,2,0,4,7,0,2
LAB,NAT,0.81,6,5,2,0,5,8,5
NAT,DK,0.33,0,0,0,0,0,0,0
NAT,ACT,2.91,7,2,0,3,3,0,3
NAT,NAT,0.77,7,1,1,5,5,1,1
LAB,LAB,0.31,5,10,0,0,2,8,8
LAB,LAB,2.92,4,9,6,3,0,5,7
NAT,NAT,1.1,9,7,0,5,6,1,5
LAB,LAB,0.6,1,9,1,1,1,9,7
UF,UF,0.62,4,7,0,10,2,8,6
NZF,DK,0.62,5,5,5,5,4,1,5
NAT,NAT,0.33,7,5,1,0,0,3,2
LAB,LAB,0.77,5,8,3,2,1,5,4
NAT,NAT,0.33,10,2,0,1,2,1,3
LAB,LAB,0.3,0,9,0,0,5,7,0
NAT,NAT,1.64,10,6,1,7,7,7,5
LAB,DK,0.48,5,5,8,0,0,2,2
UF,,1.32,7,4,7,7,3,3,5
NAT,UF,0.33,8,0,0,6,4,2,7
LAB,LAB,0.55,5,10,3,0,0,8,0
NAT,NAT,0.86,6,5,5,5,5,1,5
LAB,LAB,0.23,4,7,1,2,1,8,4
LAB,LAB,1.47,2,9,0,1,0,9,1
NAT,LAB,0.35,7,8,8,0,0,6,6
UF,UF,0.21,5,5,0,7,5,6,7
NAT,NAT,0.86,8,3,5,2,7,3,3
NAT,NAT,0.86,5,4,2,4,5,2,2
NAT,NZF,1.8,10,3,0,5,7,5,0
LAB,LAB,0.6,2,10,4,0,0,4,0
LAB,LAB,1.47,6,10,10,0,0,4,0
NZF,LAB,0.25,1,9,9,0,0,5,0
GRN,GRN,0.38,5,5,5,0,0,8,5
NAT,NAT,0.86,9,3,1,5,7,1,3
UF,LAB,0.4,6,7,4,4,4,1,2
NAT,NAT,0.35,10,3,3,4,4,0,0
NAT,NAT,0.77,10,1,0,3,9,1,0
NAT,DK,0.35,10,3,5,5,3,2,10
NAT,LAB,1.1,10,7,3,8,0,1,0
NAT,NAT,0.35,9,4,4,3,3,4,2
NAT,NAT,0.67,10,0,0,7,7,5,2
GRN,LAB,0.95,3,8,0,0,3,9,0
NAT,NAT,0.33,6,3,3,5,5,4,6
NZF,GRN,0.18,4,4,5,1,2,7,5
LAB,LAB,0.98,4,4,6,4,1,3,4
NAT,NAT,0.77,10,0,7,1,9,4,0
LAB,LAB,0.55,5,9,5,5,5,5,5
NAT,NAT,0.86,9,7,5,2,0,1,4
NZF,NZF,0.24,8,5,6,4,6,3,5
GRN,GRN,0.46,3,9,8,3,4,8,8
LAB,LAB,0.3,9,10,7,6,6,6,5
LAB,LAB,0.3,0,10,0,0,0,8,7
NAT,NAT,0.35,8,4,3,0,6,5,0
LAB,LAB,0.29,3,8,1,3,0,7,5
LAB,DK,1.28,3,8,2,3,1,8,6
ACT,ACT,0.71,7,2,0,5,8,0,5
Family,Destiny,1.26,5,3,5,5,5,1,5
NAT,LAB,0.35,5,5,5,2,2,3,2
NAT,LAB,0.88,6,5,3,4,6,5,5
NAT,NAT,0.26,8,1,0,0,4,0,2
NZF,NZF,0.24,7,3,2,6,2,0,0
PRO,UF,0.62,5,7,1,3,2,7,6
NAT,NAT,0.35,10,3,0,0,3,0,5
GRN,GRN,0.42,5,7,5,6,4,7,0
NAT,NAT,0.33,10,0,5,5,5,0,0
NAT,NAT,0.35,10,0,0,0,0,0,0
NAT,NAT,0.35,8,5,5,5,5,5,0
NAT,NAT,2.81,7,2,1,2,3,3,1
LAB,LAB,0.34,4,8,3,1,0,7,7
NZF,NZF,0.25,4,7,10,0,0,5,5
LAB,LAB,2.16,5,5,5,5,5,5,5
LAB,LAB,1.36,5,7,5,0,4,0,2
LAB,LAB,0.55,5,8,2,3,1,8,0
NAT,NAT,0.38,7,2,0,5,6,3,0
NAT,NAT,0.35,10,0,5,0,0,2,3
ACT,NAT,0.45,8,1,7,6,8,7,6
No Vote,NAT,0.49,10,5,5,6,5,7,7
LAB,LAB,0.25,6,8,6,2,0,3,2
NAT,LAB,0.33,10,5,2,2,3,3,1
NAT,NAT,0.67,10,3,1,5,7,5,3
MAO,LAB,0.4,1,3,2,3,1,3,3
LAB,LAB,0.59,0,10,0,0,0,5,5
NAT,NAT,0.33,8,2,0,4,4,0,4
NAT,NAT,0.33,8,5,2,0,0,5,0
NAT,NAT,3.57,10,3,1,1,1,0,3
NAT,NAT,3.57,7,3,3,3,3,3,4
NAT,NAT,0.67,8,6,2,0,4,4,3
NZF,NZF,1.18,7,4,8,0,5,6,6
NAT,UF,0.66,6,5,1,5,5,3,4
NAT,NAT,0.35,10,0,0,5,5,0,5
NAT,NAT,2.42,8,0,5,5,5,0,0
ACT,ACT,0.57,10,5,6,3,10,0,5
LAB,LAB,0.77,8,8,0,5,0,8,5
LAB,NAT,0.48,2,8,5,5,1,6,4
NAT,NAT,0.66,10,5,0,5,7,2,7
NAT,NAT,0.67,10,0,0,2,2,0,0
LAB,LAB,0.6,5,5,2,3,3,3,3
NAT,NAT,0.67,8,0,0,0,5,0,6
LAB,LAB,1.61,5,7,6,2,2,2,3
NAT,NAT,1.52,8,3,0,0,6,0,0
LAB,LAB,0.77,6,8,5,2,2,6,4
LAB,NAT,0.29,7,9,1,5,5,8,7
NAT,NAT,0.33,8,1,6,1,1,0,0
NAT,LAB,0.35,7,5,5,0,0,0,0
NZF,LAB,0.47,7,0,4,0,0,3,0
NAT,NZF,0.77,6,5,6,3,0,4,5
NZF,NZF,1.74,5,5,5,0,0,5,0
LAB,LAB,0.48,3,9,6,0,0,9,6
NAT,NAT,0.33,10,4,2,7,6,2,6
LAB,LAB,2.6,3,7,1,0,1,3,3
NAT,NAT,0.35,10,0,0,5,5,1,5
ACT,NAT,0.93,7,2,0,6,6,0,5
NAT,DK,0.26,8,3,0,6,2,3,6
LAB,LAB,1.47,0,0,0,0,0,0,0
LAB,LAB,0.3,5,8,3,4,2,3,1
LAB,LAB,0.59,2,8,0,0,0,8,4
NAT,NAT,,10,6,0,5,8,4,0
No Vote,No Vote,1.21,0,0,0,0,0,0,0
NZF,NZF,1.18,7,5,7,5,6,0,3
LAB,LAB,0.31,3,4,4,0,1,3,1
LAB,,2.16,0,10,10,0,0,0,0
NAT,NAT,0.29,10,6,0,5,9,0,0
NAT,LAB,1.1,6,8,4,3,4,5,4
LAB,No Vote,0.48,2,10,1,0,0,6,0
NAT,NAT,0.47,7,2,1,6,4,5,2
NAT,UF,1.43,8,5,2,6,0,0,0
NAT,NAT,0.42,8,2,5,5,2,0,8
NAT,NAT,0.35,10,2,1,5,5,3,5
ACT,ACT,1.93,10,5,2,2,10,0,2
NAT,NAT,0.86,9,3,1,5,5,7,6
NAT,NAT,2.65,10,0,0,3,0,0,0
NAT,NAT,0.33,8,3,0,7,7,1,4
NAT,NAT,0.33,8,2,0,1,5,1,6
LAB,LAB,0.31,4,9,8,4,1,8,6
NAT,GRN,1.56,8,5,2,6,8,7,2
LAB,LAB,0.3,5,10,7,0,0,3,0
LAB,LAB,1.47,5,10,5,3,3,4,0
NAT,NAT,0.62,8,3,1,4,6,2,4
NAT,NAT,0.67,8,3,2,1,3,4,5
NAT,NAT,0.62,8,2,4,6,6,5,5
NAT,NAT,0.33,5,0,0,0,0,0,0
NAT,NAT,0.33,5,0,0,5,0,0,5
NAT,GRN,0.86,6,3,1,2,2,5,1
LAB,LAB,0.72,10,8,0,8,5,5,5
LAB,LAB,0.89,2,9,0,5,0,7,5
NAT,NAT,0.51,7,4,0,2,6,4,6
LAB,LAB,3.19,3,10,3,0,0,6,1
NAT,NAT,0.62,10,0,5,0,2,2,2
No Vote,No Vote,1.19,10,9,0,5,5,3,9
LAB,LAB,0.55,3,9,5,3,0,10,8
LAB,LAB,0.31,5,10,10,0,0,8,0
NAT,NAT,0.29,10,0,0,0,0,0,0
LAB,NAT,0.26,3,9,8,0,0,7,5
GRN,LAB,1.93,2,7,2,2,0,9,5
GRN,GRN,0.32,6,6,3,0,0,8,5
GRN,GRN,0.56,3,7,2,0,0,7,6
LAB,LAB,0.59,2,10,0,0,0,10,10
NZF,PRO,0.62,0,10,10,0,0,5,0
LAB,NZF,0.79,5,7,7,3,1,1,6
NAT,NAT,1.17,7,4,3,6,5,4,4
NAT,NAT,0.86,10,0,0,4,5,1,0
LAB,LAB,0.79,2,6,0,0,5,1,4
ACT,ACT,0.93,5,0,0,3,10,0,8
NAT,NAT,0.66,10,4,0,4,8,5,5
LAB,LAB,2.16,4,8,0,1,1,4,3
LAB,LAB,0.98,0,10,7,0,0,0,0
NAT,NAT,0.67,10,5,1,9,7,5,3
LAB,LAB,1.05,3,9,4,3,3,9,8
NAT,NAT,1.64,10,0,1,1,1,0,0
LAB,LAB,0.98,0,10,8,0,0,4,0
NAT,NAT,0.88,7,6,0,0,5,6,4
NAT,NAT,0.86,10,1,1,5,5,0,1
NAT,NAT,0.35,10,0,1,5,5,0,4
LAB,LAB,0.77,5,10,0,0,0,0,0
NAT,NAT,0.35,8,6,2,8,6,3,1
NZF,NZF,0.25,5,9,10,4,1,0,4
NAT,NAT,0.77,10,5,9,8,0,7,3
NZF,NZF,0.62,7,4,5,0,4,3,5
NZF,NZF,0.24,5,5,10,1,0,1,4
NZF,GRN,0.24,2,3,8,0,1,9,3
NAT,NAT,0.86,6,5,5,0,0,5,0
NAT,NAT,0.67,10,2,4,4,7,2,4
NAT,NAT,0.33,10,2,0,4,7,0,5
ACT,ACT,0.27,8,4,0,0,10,2,0
LAB,LAB,0.77,6,7,6,3,0,7,5
NAT,LAB,3.57,6,5,0,0,0,4,0
NAT,NAT,0.66,7,4,1,5,1,1,7
GRN,GRN,0.42,2,7,1,5,0,9,0
LAB,LAB,0.55,7,9,5,2,5,9,5
NAT,NAT,1.52,8,3,3,5,5,4,2
NAT,NAT,1.23,8,3,5,4,6,4,5
NZF,LAB,0.79,8,4,9,2,0,0,2
No Vote,LAB,1.56,5,9,1,0,1,9,1
NAT,NAT,0.42,8,7,5,0,0,6,0
NZF,NZF,0.62,5,5,10,3,1,0,5
LAB,LAB,0.98,0,0,0,0,0,0,0
NZF,NZF,0.48,0,10,10,5,0,0,0
LAB,LAB,1.36,5,6,3,3,3,4,5
Bill and Ben,LAB,1.7,5,7,3,1,4,3,0
GRN,GRN,0.96,3,6,0,0,2,8,6
GRN,LAB,1.81,3,7,3,5,5,9,0
LAB,LAB,1.48,6,8,7,3,2,7,6
ACT,NAT,1.77,7,4,0,0,8,3,0
NAT,NAT,1.65,9,7,7,5,4,5,5
ACT,LAB,0.93,7,4,0,5,7,7,5
LAB,LAB,0.77,3,8,2,2,0,7,8
LAB,LAB,0.3,0,10,5,5,0,5,0
LAB,LAB,0.69,4,8,3,5,7,8,5
NZF,LAB,0.38,5,6,6,5,4,3,3
LAB,LAB,0.77,4,7,1,1,1,4,5
LAB,LAB,0.3,0,10,0,0,0,0,0
LAB,LAB,0.98,3,10,6,2,0,7,0
LAB,LAB,0.3,9,10,0,0,0,7,0
NAT,NAT,2.42,10,0,0,0,0,0,0
NAT,NAT,0.49,9,5,0,5,5,0,5
NAT,NAT,0.35,10,0,1,1,3,0,1
NAT,NAT,0.77,7,4,4,6,6,3,5
ACT,DK,1.93,6,0,2,4,7,0,2
LAB,LAB,0.59,2,7,6,0,0,4,2
ACT,NAT,1.17,6,5,2,1,5,4,2
NAT,NAT,3.33,9,3,3,2,2,0,0
NAT,LAB,0.67,10,2,2,2,5,5,5
GRN,GRN,0.42,3,4,5,5,0,10,7
GRN,GRN,0.96,3,8,2,2,2,9,4
NAT,NAT,1.17,10,0,0,10,10,7,10
LAB,No Vote,1.48,5,5,0,0,0,0,0
GRN,GRN,0.35,3,8,0,0,1,9,0
LAB,LAB,0.3,4,7,4,4,4,6,5
NAT,NAT,3.27,10,3,4,0,0,0,0
LAB,LAB,1.47,0,0,0,0,0,0,0
LAB,NZF,0.77,5,8,5,0,0,6,5
NAT,LAB,2.92,10,10,0,0,0,0,0
No Vote,NZF,2.96,5,5,8,6,6,5,5
GRN,LAB,0.42,3,9,3,5,1,10,7
LAB,LAB,0.98,2,10,0,0,0,7,0
ACT,ACT,0.45,10,3,1,3,10,0,3
LAB,LAB,0.98,0,8,5,0,0,6,4
LAB,LAB,0.55,5,8,4,3,3,4,3
LAB,LAB,0.77,9,10,0,0,0,5,5
NAT,NAT,1.64,7,5,0,0,0,7,5
LAB,LAB,0.31,5,8,8,0,0,0,6
LAB,LAB,0.31,2,10,3,6,4,6,1
LAB,LAB,1.47,5,6,0,0,0,0,0
NAT,NAT,0.35,9,4,7,5,7,0,7
LAB,LAB,0.46,7,6,3,0,2,6,1
NAT,NAT,0.53,10,0,2,5,5,0,0
LAB,LAB,0.55,0,10,6,4,0,8,5
LAB,LAB,0.55,9,10,9,0,0,6,5
NAT,NAT,0.38,7,5,3,3,5,2,6
NAT,NAT,0.33,7,4,2,0,1,0,3
NAT,NAT,0.62,10,3,2,4,4,0,7
LAB,LAB,0.31,5,10,7,0,0,0,0
LAB,LAB,0.46,4,10,0,0,2,8,6
LAB,LAB,0.79,1,10,5,0,5,8,5
LAB,LAB,0.98,9,9,7,5,7,7,5
NAT,NAT,4.48,7,5,0,5,5,0,0
NAT,NAT,3.33,10,5,4,5,5,6,8
LAB,LAB,1.61,6,7,5,3,2,2,2
LAB,LAB,0.3,5,10,5,5,0,5,5
NAT,NAT,0.42,7,5,2,5,4,4,6
NAT,NAT,0.33,10,0,6,5,5,0,2
NAT,LAB,3.57,5,3,1,1,5,1,4
NAT,NAT,0.53,8,4,1,4,5,2,4
LAB,LAB,0.77,5,5,3,0,5,3,0
NAT,NAT,0.53,8,3,5,5,5,2,2
NAT,MAO,0.92,3,2,0,4,4,5,7
LAB,LAB,0.3,6,9,6,2,1,8,8
LAB,LAB,1.12,0,8,0,0,0,0,3
NAT,NAT,3.27,0,0,0,0,0,0,0
NAT,NAT,1.48,9,3,0,0,9,3,7
LAB,LAB,1.47,0,10,0,0,5,0,0
GRN,LAB,1.62,3,8,0,6,0,10,9
NAT,DK,1,7,6,2,6,3,5,2
NZF,NZF,0.45,5,5,8,2,0,5,4
NZF,NZF,0.25,0,8,0,0,0,0,0
LAB,LAB,1.47,8,10,5,3,6,1,8
NAT,NZF,2.42,8,3,6,4,6,1,2
NAT,LAB,0.34,7,5,3,0,0,5,0
GRN,LAB,0.42,6,3,0,0,0,0,6
NAT,NAT,0.53,9,4,4,5,6,6,5
NAT,NAT,0.35,10,4,2,2,4,2,2
NAT,NAT,0.62,8,6,0,0,0,8,0
NZF,LAB,0.48,3,10,10,3,1,7,7
LAB,PRO,0.98,3,6,1,1,0,6,0
LAB,LAB,3.19,6,5,4,1,2,4,2
UF,UF,0.4,8,6,0,5,2,3,1
NAT,LAB,1.64,0,0,0,0,0,0,0
NAT,NAT,0.33,8,1,1,0,3,0,0
ACT,LAB,0.93,8,5,3,7,7,1,5
NAT,No Vote,0.33,9,0,0,1,1,0,1
NAT,NAT,0.33,10,0,0,5,3,0,0
NAT,NAT,2.92,8,4,0,4,6,1,7
NAT,NAT,0.33,7,4,1,3,4,2,4
GRN,GRN,0.84,4,8,5,5,0,10,5
NAT,LAB,0.67,6,5,3,1,3,0,0
LAB,LAB,0.31,4,9,2,4,2,7,3
No Vote,NAT,1.21,10,0,5,5,5,5,7
Kiwi,UF,0.62,5,0,4,7,5,0,5
No Vote,No Vote,3.33,0,0,0,0,0,0,0
NAT,NAT,1.65,8,0,5,5,5,2,5
LAB,LAB,2.16,0,10,0,0,0,0,0
LAB,LAB,0.55,6,8,3,3,2,3,2
LAB,LAB,0.3,5,7,5,4,1,3,5
No Vote,LAB,2.81,0,0,0,0,0,0,0
LAB,GRN,0.34,6,6,2,1,2,5,4
GRN,LAB,0.35,0,8,2,0,0,0,8
LAB,LAB,0.77,3,4,2,1,1,1,0
LAB,LAB,1.61,2,9,1,5,0,8,6
LAB,LAB,0.3,2,10,1,0,1,2,0
NAT,ACT,0.53,8,1,3,5,6,2,6
UF,UF,0.46,6,6,4,8,2,6,7
PRO,NZF,0.94,6,4,2,5,4,6,3
ACT,DK,0.93,7,7,7,2,7,3,5
NAT,NAT,0.53,10,3,1,4,3,5,7
NAT,NAT,1.1,9,0,0,0,0,0,0
LAB,LAB,0.46,6,8,0,0,2,6,8
NAT,NAT,0.33,10,0,0,6,6,0,6
NAT,NAT,0.35,10,5,0,5,5,5,0
LAB,No Vote,2.92,0,0,0,0,0,0,0
NAT,GRN,0.34,7,3,3,0,3,7,6
GRN,GRN,0.73,7,5,0,5,5,10,3
LAB,LAB,0.31,1,10,5,1,0,3,0
LAB,LAB,0.79,5,8,1,1,3,8,5
LAB,LAB,3.19,1,10,0,0,0,0,1
NAT,UF,0.26,8,4,2,4,2,3,5
NAT,NAT,0.26,10,2,1,1,9,6,3
PRO,Alliance,0.7,0,8,0,0,0,5,0
NAT,LAB,1.1,8,6,6,3,1,4,0
NAT,LAB,2.42,5,5,5,5,5,8,0
LAB,LAB,0.3,2,10,3,0,0,10,5
LAB,LAB,0.6,0,10,0,0,3,0,1
NAT,NAT,0.77,8,3,3,6,6,2,2
ACT,NAT,0.72,10,3,5,6,6,3,2
No Vote,LAB,1.21,7,7,8,0,0,4,0
LAB,LAB,1.47,5,9,0,0,0,7,3
NAT,NAT,1.65,8,6,2,2,3,3,1
NAT,NAT,0.53,8,1,0,8,5,4,8
NAT,NAT,0.33,9,2,3,0,6,0,4
NZF,NZF,0.79,10,6,0,2,2,1,4
NAT,NAT,0.86,8,4,4,4,0,0,5
NAT,NAT,0.33,10,5,0,0,0,0,0
NAT,NAT,0.33,10,3,5,6,7,5,0
NAT,LAB,0.33,8,2,1,1,6,1,0
GRN,DK,0.73,7,7,2,0,2,7,5
LAB,PRO,1.36,3,10,0,0,0,8,0
NAT,NZF,2.92,8,5,2,4,1,1,3
NAT,LAB,1.64,5,5,0,0,0,0,0
LAB,LAB,0.69,2,10,5,1,0,5,1
NAT,NAT,0.33,8,0,5,6,7,0,1
LAB,LAB,0.98,5,10,5,3,0,10,10
No Vote,No Vote,0.47,0,0,0,0,0,0,0
LAB,LAB,0.98,0,10,5,0,0,5,5
NZF,NZF,0.25,4,8,10,0,1,10,3
Kiwi,UF,3.08,5,0,4,7,0,0,0
ACT,UF,0.37,7,0,2,10,1,0,2
GRN,GRN,0.32,2,7,3,4,2,8,4
NAT,NAT,0.62,8,1,1,6,6,4,4
NAT,NAT,0.35,10,3,4,2,7,0,7
NAT,NAT,0.67,7,4,9,1,1,0,3
NAT,NAT,1.52,8,6,0,5,5,6,6
NAT,LAB,0.35,5,3,0,2,3,3,0
NAT,DK,1.64,0,0,0,0,0,0,0
NAT,NAT,0.35,10,7,0,5,7,1,7
GRN,GRN,0.37,5,10,2,5,2,10,10
NAT,LAB,1,7,4,5,5,0,3,6
GRN,GRN,1.56,5,5,5,5,5,7,5
NAT,NAT,2.42,9,4,0,3,3,3,1
LAB,LAB,0.34,2,9,3,2,0,8,4
NAT,NAT,0.33,7,3,0,4,4,0,0
NAT,NAT,0.67,8,4,0,2,4,3,2
NZF,LAB,0.25,4,8,8,1,1,7,4
LAB,LAB,0.55,4,7,5,5,5,7,0
NAT,No Vote,0.17,8,5,0,0,8,0,0
LAB,LAB,0.47,8,9,0,0,2,3,4
NZF,LAB,0.21,5,9,6,3,1,6,4
NAT,NAT,1.19,7,3,1,0,7,4,1
NAT,NAT,0.77,6,5,3,7,6,0,3
NAT,NAT,1.1,10,5,6,6,8,0,0
NAT,NAT,1.65,8,4,1,5,5,5,5
LAB,LAB,0.59,3,9,4,1,0,8,9
LAB,LAB,0.3,0,10,5,0,0,0,0
LAB,LAB,2.33,5,10,5,1,1,1,1
NAT,NAT,0.66,8,2,1,7,7,3,5
NAT,NAT,0.42,10,0,0,4,8,0,4
LAB,LAB,0.76,8,10,5,2,0,9,2
LAB,LAB,0.3,1,8,1,1,1,9,9
LAB,LAB,0.31,0,10,0,0,0,0,0
NAT,DK,0.51,10,0,6,0,4,0,7
NAT,NAT,0.35,9,4,1,8,9,2,6
LAB,LAB,0.31,5,5,3,5,2,6,2
ACT,ACT,0.93,10,0,3,5,10,0,6
NAT,Destiny,0.77,9,2,1,7,6,1,5
No Vote,DK,1.56,0,0,0,0,0,0,0
NAT,NAT,0.33,10,7,2,3,4,0,5
LAB,LAB,0.3,3,10,10,2,0,4,2
NAT,DK,0.66,7,3,5,5,4,3,5
NAT,LAB,0.33,8,8,0,1,1,0,6
NAT,NAT,1.17,10,0,0,1,7,1,6
ACT,NAT,0.35,10,0,0,0,8,0,0
ACT,DK,0.35,8,2,0,2,9,0,2
NAT,NAT,0.38,8,3,1,1,7,3,4
NAT,LAB,1,4,9,0,1,2,8,5
GRN,GRN,0.59,0,5,3,1,0,10,5
NAT,NAT,0.35,9,3,4,7,0,1,5
LAB,LAB,1.47,10,0,0,0,0,0,0
NAT,NAT,0.35,10,1,0,0,3,0,3
NZF,NZF,0.24,5,8,10,0,0,5,4
ACT,ACT,0.66,10,1,0,5,8,2,0
NAT,NAT,2.42,9,4,4,0,2,2,0
NAT,NAT,0.62,10,6,2,7,8,6,4
NAT,NAT,0.35,8,3,0,5,7,5,0
NAT,LAB,0.35,10,8,1,7,9,5,0
LAB,LAB,0.6,0,8,2,0,0,0,0
LAB,LAB,0.6,5,5,0,0,2,3,0
LAB,GRN,0.15,8,8,0,0,5,9,8
NAT,GRN,1.52,7,4,3,5,7,5,8
LAB,GRN,0.34,0,7,0,0,0,8,5
LAB,LAB,0.3,4,9,0,0,0,8,0
ACT,ACT,0.93,9,1,1,5,10,1,1
LAB,LAB,0.3,7,10,8,8,1,9,0
NZF,NZF,0.25,7,7,9,8,6,8,5
NAT,NZF,0.86,7,5,4,3,5,2,2
LAB,LAB,0.59,4,6,0,0,2,0,0
NAT,NAT,2.92,8,6,3,6,6,3,6
ACT,NAT,0.57,6,0,5,5,5,0,0
NAT,NAT,0.33,10,0,6,6,6,0,5
NAT,NAT,0.34,10,0,0,2,10,0,1
GRN,LAB,1.67,7,10,5,2,3,10,0
NAT,LAB,0.35,10,2,0,0,0,3,0
NAT,NAT,0.51,10,2,1,5,7,0,5
LAB,NZF,0.3,7,9,10,5,0,8,0
NAT,ACT,2.92,8,5,2,5,7,4,7
NZF,NZF,0.79,2,10,6,2,1,3,0
NAT,NAT,0.86,10,5,0,7,7,6,7
ACT,NAT,0.93,7,3,7,5,8,5,0
LAB,Alliance,8.18,2,9,6,6,6,9,4
LAB,LAB,0.29,0,7,0,0,0,7,5
GRN,GRN,1.09,1,6,0,0,0,0,2
GRN,LAB,0.96,3,8,0,1,1,9,6
GRN,PRO,0.42,4,9,3,5,1,10,6
NAT,NAT,0.34,6,5,2,0,0,5,0
NAT,NAT,0.62,10,0,0,0,0,0,0
LAB,NAT,0.69,5,6,3,1,2,0,0
NAT,NAT,2.42,10,2,2,5,8,0,0
GRN,LAB,1.67,5,8,1,3,3,8,1
LAB,LAB,1.61,7,10,4,4,4,6,2
NAT,NAT,1.64,10,0,0,0,0,0,0
NAT,LAB,0.77,7,6,2,6,4,4,5
NAT,LAB,0.62,8,4,3,2,2,9,8
LAB,LAB,0.6,0,10,5,0,0,8,5
NAT,NAT,0.33,8,0,4,2,6,0,0
NAT,NAT,1.52,10,2,0,5,5,1,3
LAB,LAB,0.31,8,9,0,0,0,0,0
LAB,,2.16,0,0,0,0,0,0,0
LAB,LAB,0.6,5,5,5,1,5,5,5
GRN,GRN,0.35,1,9,1,3,1,9,7
LAB,LAB,0.79,0,10,8,0,0,10,6
NAT,NAT,0.35,8,2,0,0,4,1,4
GRN,LAB,0.37,1,9,3,3,0,10,6
LAB,LAB,0.3,4,8,5,3,2,7,7
GRN,LAB,0.42,1,5,1,0,0,7,5
GRN,DK,0.36,6,6,1,2,1,4,5
LAB,LAB,0.98,5,5,5,0,0,0,0
LAB,LAB,0.3,4,8,1,3,2,4,1
LAB,LAB,0.23,1,10,5,2,0,7,3
NAT,NAT,1.56,9,1,0,5,4,0,5
LAB,LAB,0.59,3,7,4,3,3,7,5
NAT,NAT,0.33,8,0,0,5,8,1,0
No Vote,No Vote,0.92,6,6,0,5,5,0,7
NAT,NAT,0.86,9,0,0,0,0,0,0
NAT,NAT,0.86,8,4,6,6,4,0,4
LAB,LAB,0.48,0,10,10,0,0,6,6
LAB,LAB,0.48,3,9,6,2,2,7,4
NAT,NAT,0.33,10,0,0,8,8,0,8
LAB,LAB,0.77,5,4,3,3,3,2,3
LAB,LAB,0.55,6,9,4,4,0,5,5
NAT,LAB,0.62,7,6,6,6,6,3,3
NAT,LAB,0.67,5,4,3,4,4,3,2
LAB,DK,0.31,5,0,0,0,0,0,0
LAB,LAB,3.22,0,8,5,5,2,8,3
NAT,LAB,0.29,5,10,5,1,1,5,8
LAB,LAB,0.89,4,9,2,2,2,8,5
LAB,LAB,0.3,6,9,2,5,1,8,8
NAT,NAT,0.62,9,3,1,7,5,4,3
NAT,NAT,1.52,7,0,2,5,6,2,2
NZF,NZF,1.18,2,6,8,5,0,0,5
GRN,DK,1.67,5,5,4,4,4,6,1
NAT,LAB,1,7,6,2,4,4,6,0
NAT,NAT,0.62,9,5,3,2,1,2,2
NAT,LAB,0.67,10,3,5,6,6,8,0
LAB,GRN,1.32,3,7,5,2,2,7,5
GRN,LAB,2.65,3,8,6,3,3,8,1
NAT,ACT,0.32,8,3,0,5,7,7,5
LAB,LAB,0.6,0,10,0,0,0,10,10
NAT,LAB,1,8,8,0,5,2,6,0
NAT,DK,2.42,7,1,7,7,7,3,5
LAB,,0.98,0,10,10,0,0,0,0
NAT,NAT,0.35,5,4,3,0,3,0,0
GRN,GRN,0.84,1,8,0,0,0,10,5
LAB,DK,0.55,0,6,4,4,3,6,0
LAB,LAB,0.69,3,10,1,1,1,1,1
NAT,NAT,0.35,9,4,0,6,6,8,5
NAT,NAT,0.53,8,6,1,1,8,6,1
NAT,NAT,0.67,10,6,0,0,6,0,6
NZF,LAB,0.48,1,9,9,1,0,0,0
NAT,NAT,0.33,8,6,5,5,3,3,5
NAT,NZF,3.57,9,3,2,7,9,2,5
NAT,NAT,0.53,10,6,1,0,0,6,1
NAT,DK,1.61,8,8,5,0,0,0,0
NAT,LAB,1.1,8,8,0,0,0,0,0
LAB,LAB,3.19,0,5,1,0,0,5,1
NAT,NAT,0.86,7,3,3,1,7,6,5
NAT,NAT,0.88,10,4,0,0,7,0,0
LAB,LAB,1.36,0,8,2,0,6,6,1
GRN,GRN,0.73,3,7,3,0,0,10,7
NZF,LAB,0.47,5,8,8,5,0,6,7
NAT,NAT,0.33,10,0,8,0,5,0,1
LAB,LAB,0.89,5,9,5,0,1,9,7
LAB,LAB,0.46,4,6,1,6,1,6,6
GRN,NAT,0.73,7,5,5,7,5,7,5
LAB,LAB,2.6,6,9,4,2,3,2,5
NAT,NAT,0.33,5,0,0,5,3,0,2
NZF,LAB,0.24,8,8,5,2,2,4,5
LAB,LAB,1.36,5,8,3,2,2,5,2
NAT,NAT,0.77,8,2,0,6,5,4,6
LAB,LAB,0.98,0,10,3,1,0,0,4
LAB,LAB,0.55,0,10,6,5,0,9,8
NAT,NAT,0.67,6,2,0,5,3,1,0
NAT,NAT,0.34,7,5,5,2,7,5,0
NAT,NAT,0.67,10,5,5,5,5,5,5
LAB,LAB,0.31,0,10,5,9,2,10,5
LAB,No Vote,0.79,2,9,0,0,3,8,8
NAT,LAB,0.88,8,6,0,4,6,7,6
NAT,NAT,0.88,10,3,0,0,10,3,0
LAB,LAB,0.31,8,10,1,8,0,9,0
LAB,LAB,0.49,5,8,0,3,2,4,0
NAT,NAT,0.77,8,5,0,3,4,7,3
NAT,LAB,1,8,6,5,5,5,5,5
GRN,DK,0.42,5,5,5,5,5,5,5
LAB,,0.69,3,9,5,3,0,9,6
NAT,UF,1,10,7,2,10,5,5,0
NAT,NAT,0.53,8,3,3,7,6,4,4
NAT,NAT,0.35,10,3,0,3,1,0,1
NAT,NAT,0.67,10,2,0,0,4,4,0
NAT,GRN,0.62,9,2,0,5,7,4,5
NAT,LAB,0.67,10,4,5,7,2,1,2
NAT,LAB,1.52,10,8,5,5,5,5,8
NZF,LAB,0.25,4,7,4,1,1,4,4
NAT,NAT,0.77,10,0,1,3,8,4,0
LAB,LAB,0.3,7,9,0,1,0,6,5
LAB,LAB,2.16,4,10,5,5,0,8,5
NAT,NAT,0.62,10,1,1,3,6,2,6
NAT,NAT,0.77,10,3,0,2,5,3,2
NAT,LAB,0.35,8,4,1,0,6,0,0
LAB,LAB,0.3,8,8,4,4,5,6,2
LAB,LAB,0.49,5,9,5,2,2,5,5
LAB,LAB,0.25,5,7,2,5,2,6,5
NAT,NAT,1.64,7,2,0,0,0,0,0
NAT,NAT,0.29,8,5,5,5,4,6,2
NAT,LAB,0.66,7,5,0,2,2,2,1
LAB,LAB,3.22,1,10,1,1,1,5,1
NAT,UF,0.35,5,5,3,4,3,4,3
NAT,NZF,1.48,10,2,2,2,2,4,10
NAT,NAT,0.35,8,5,0,5,7,5,8
NAT,DK,0.35,10,3,3,5,1,5,2
NAT,ACT,0.66,7,1,3,4,9,0,0
NAT,NAT,1.65,10,2,0,3,8,1,4
LAB,DK,3.05,5,7,0,5,0,5,0
GRN,GRN,0.56,6,6,1,6,3,8,5
NAT,NAT,0.35,10,4,6,1,0,0,7
NAT,NAT,2.42,10,2,0,7,8,0,8
NAT,NAT,0.35,8,4,1,1,1,7,3
NAT,NAT,0.62,10,5,3,5,5,1,0
LAB,LAB,0.34,3,7,0,0,0,7,2
NAT,NAT,0.35,9,3,0,3,2,0,0
NAT,LAB,1.21,6,5,2,2,0,9,5
LAB,LAB,1.48,5,8,5,0,0,5,5
NAT,LAB,0.35,7,5,3,3,5,5,0
NAT,NAT,0.67,10,5,0,5,5,5,5
LAB,LAB,0.3,6,10,7,0,0,2,1
LAB,NZF,0.3,0,10,0,0,0,0,0
NAT,DK,1.64,3,3,3,1,1,1,1
LAB,LAB,0.31,0,10,0,0,0,0,0
LAB,LAB,1.25,7,9,4,0,4,6,0
NAT,NAT,0.88,10,1,5,0,6,5,0
NAT,NAT,0.88,10,2,0,6,8,0,0
NAT,NAT,1.65,8,0,3,5,8,3,7
NAT,NAT,0.53,8,4,2,0,7,3,0
GRN,GRN,0.38,2,10,5,5,5,9,2
NAT,NAT,0.86,0,0,2,0,5,2,0
NAT,NAT,0.86,6,6,5,4,8,3,2
LAB,LAB,0.77,0,0,0,0,0,0,0
NAT,NAT,0.33,10,7,2,0,7,0,0
LAB,LAB,0.23,4,8,0,6,1,7,4
NAT,NAT,1.1,7,4,1,0,3,1,3
NZF,LAB,0.24,0,8,8,0,0,0,0
NAT,NAT,0.86,8,0,5,4,5,0,5
GRN,GRN,0.42,0,0,0,0,0,0,0
GRN,GRN,0.95,4,7,2,1,1,7,5
LAB,LAB,1.36,6,7,4,5,5,6,5
LAB,DK,1.36,2,10,5,0,0,3,5
GRN,GRN,1.09,0,7,0,0,0,10,7
LAB,LAB,1.32,0,10,0,0,0,0,0
GRN,,1.56,0,6,0,0,0,10,5
LAB,LAB,0.6,3,8,0,3,3,6,5
NAT,NAT,1.64,10,4,4,2,2,2,2
NAT,LAB,0.33,5,5,6,4,6,5,5
GRN,GRN,0.95,5,5,2,2,2,8,7
NAT,NAT,1.8,10,1,1,3,6,2,0
LAB,LAB,5.25,0,10,6,0,0,0,6
NAT,NAT,0.51,7,8,1,4,6,8,5
LAB,LAB,0.26,4,10,4,4,0,8,6
NAT,NAT,0.86,7,5,2,0,2,0,4
ACT,NAT,1.77,5,5,8,5,7,2,0
NAT,LAB,0.86,9,4,0,6,6,5,3
NAT,NAT,1.1,10,0,0,7,7,4,9
NAT,NZF,0.33,9,2,4,4,7,0,0
NAT,NAT,0.77,10,5,0,2,8,0,8
NAT,LAB,0.35,7,0,0,0,0,0,0
ACT,NAT,0.35,8,2,5,5,5,7,7
LAB,LAB,0.79,5,8,6,2,3,4,2
NZF,DK,0.48,4,0,8,0,0,0,0
NAT,NAT,0.17,8,6,0,0,0,9,2
LAB,LAB,1.36,10,10,5,0,9,9,7
NZF,NZF,0.25,5,0,10,0,0,0,0
LAB,LAB,0.31,0,0,0,0,0,0,0
NAT,NAT,0.62,8,5,1,1,3,1,5
NAT,UF,1.64,10,0,0,0,0,0,0
LAB,LAB,0.3,6,8,1,3,3,0,5
LAB,LAB,0.48,5,7,3,1,0,5,0
GRN,GRN,0.42,3,7,4,4,1,9,5
ACT,LAB,2.59,8,7,2,4,8,6,8
NAT,DK,0.35,5,5,0,0,4,1,0
LAB,LAB,1.39,5,10,1,1,5,10,5
NAT,GRN,0.62,8,5,5,5,2,7,5
NAT,NAT,0.35,10,5,3,0,0,0,6
LAB,LAB,0.15,2,10,0,0,0,0,10
NAT,NAT,1.39,7,4,4,3,3,2,1
NAT,DK,3.27,9,4,2,2,4,2,5
LAB,DK,0.6,0,0,0,0,0,0,0
ACT,NZF,0.37,8,2,3,2,6,3,8
NAT,NAT,0.34,10,2,5,7,7,3,5
LAB,LAB,0.3,5,10,0,0,0,0,0
NAT,NAT,1.1,9,6,8,0,3,0,9
LAB,LAB,3.19,5,10,4,0,0,6,10
LAB,LAB,0.77,4,9,1,5,0,10,8
GRN,GRN,0.42,3,8,2,2,1,10,10
NAT,NAT,0.33,8,3,0,6,7,4,5
LAB,LAB,0.29,2,8,2,0,0,7,5
GRN,GRN,0.38,6,5,0,0,3,8,0
LAB,GRN,0.3,3,8,5,0,0,10,5
LAB,LAB,2.16,4,8,6,5,3,7,3
PRO,ACT,0.28,10,7,3,5,4,3,4
NAT,NAT,2.92,10,3,2,5,9,5,5
NAT,NAT,0.33,10,0,5,8,6,0,6
NAT,NAT,0.66,8,6,2,5,4,2,5
LAB,LAB,2.37,5,8,3,3,0,7,5
NAT,No Vote,0.86,5,0,0,5,5,0,0
NAT,LAB,1.17,7,6,5,5,3,4,2
NAT,NAT,0.86,9,2,2,7,6,4,2
NAT,NAT,0.86,8,3,0,4,6,1,3
NAT,DK,0.53,7,6,0,5,4,4,0
ACT,ACT,0.93,8,2,3,4,9,3,6
NAT,NAT,0.38,9,1,0,0,0,0,0
LAB,LAB,,5,8,8,5,5,8,4
NAT,NAT,0.88,9,1,1,1,1,1,1
LAB,LAB,2.16,0,10,2,0,2,3,5
UF,UF,2.92,7,7,3,8,3,2,2
NAT,NAT,0.35,10,5,0,7,2,0,0
LAB,LAB,0.26,2,8,5,3,0,5,5
LAB,LAB,0.47,0,0,3,3,1,7,8
NAT,NAT,1.1,8,2,6,1,1,1,3
ACT,NZF,0.35,5,0,0,5,5,0,2
LAB,LAB,0.3,0,0,0,0,0,0,0
NAT,NAT,0.86,9,0,10,0,5,2,5
NAT,NAT,0.38,8,5,5,1,1,1,1
LAB,LAB,0.98,0,10,0,0,0,0,0
MAO,MAO,0.15,4,4,0,1,0,8,8
LAB,LAB,1.57,3,9,3,2,0,5,0
LAB,LAB,3.19,5,10,5,5,5,5,5
NAT,LAB,2.92,6,5,2,2,0,4,5
NAT,NAT,0.66,8,0,3,4,8,0,5
LAB,LAB,0.3,5,10,10,0,0,5,5
LAB,NZF,0.77,0,9,7,1,0,8,1
NAT,NAT,3.57,8,3,0,0,4,5,0
NAT,LAB,0.29,7,7,1,2,3,5,7
NAT,NAT,0.26,8,1,0,0,5,0,2
LAB,LAB,0.98,5,5,5,4,4,5,7
NAT,NAT,0.62,6,4,1,3,3,3,5
NAT,LAB,0.34,10,5,4,4,7,0,0
NAT,NAT,0.67,8,0,3,0,3,0,0
NAT,LAB,0.88,9,5,5,5,5,4,5
NAT,NZF,2.91,10,6,6,6,8,0,4
NAT,NAT,0.86,10,1,0,0,5,1,0
NAT,DK,0.33,0,0,0,0,0,0,0
NAT,NAT,0.26,10,2,2,5,10,2,6
LAB,LAB,0.98,5,10,0,0,0,0,0
NAT,NAT,0.53,8,4,0,0,0,5,8
NAT,NAT,0.77,10,7,5,6,8,7,5
LAB,LAB,0.98,3,9,1,2,0,7,4
GRN,GRN,0.38,8,6,3,1,0,10,6
NZF,LAB,0.79,5,5,5,0,0,5,0
LAB,LAB,0.34,0,10,0,0,0,2,7
No Vote,LAB,3.05,5,5,0,0,0,0,0
NAT,NAT,0.29,7,3,0,5,3,9,5
LAB,LAB,1.44,5,8,4,0,5,6,0
NAT,NAT,1.21,10,3,5,0,4,2,0
NAT,NAT,1.52,8,1,4,4,7,2,6
NAT,NAT,0.17,9,0,0,0,9,3,0
MAO,LAB,0.59,6,7,2,5,4,5,8
NAT,NAT,0.38,10,1,1,3,4,3,3
LAB,No Vote,0.89,4,8,2,7,0,0,0
No Vote,NAT,0.39,8,8,0,6,5,6,5
NAT,NAT,0.86,8,3,3,4,6,0,1
LAB,LAB,1.62,8,9,8,5,6,7,5
LAB,LAB,0.47,1,9,1,3,0,5,3
NAT,NAT,0.35,9,2,0,5,5,0,5
NAT,LAB,0.35,10,1,5,1,5,0,2
NAT,NAT,1.8,8,4,3,3,7,4,3
NAT,NAT,1,9,2,1,5,7,2,7
GRN,LAB,0.96,7,7,5,5,5,8,5
LAB,LAB,0.6,3,10,0,1,2,9,5
NAT,NAT,0.67,10,0,0,5,7,2,5
NAT,LAB,0.35,8,4,7,0,0,1,0
NAT,NAT,0.67,8,8,1,5,5,5,2
NAT,NAT,0.62,9,1,1,7,0,0,5
NAT,NAT,0.35,10,0,4,0,7,0,3
LAB,LAB,0.6,0,10,9,0,0,9,9
LAB,LAB,0.34,5,10,7,0,0,5,7
LAB,LAB,0.37,6,8,1,0,5,5,0
LAB,LAB,0.69,5,10,5,5,0,10,10
LAB,LAB,1.32,0,0,0,0,0,0,0
NAT,NAT,2.91,8,2,7,9,6,3,6
NAT,NAT,0.38,8,4,1,1,4,8,4
ACT,ACT,0.93,8,0,0,0,8,1,6
NAT,NAT,0.33,9,1,4,0,5,0,4
NAT,NAT,0.34,8,7,5,7,5,5,0
NAT,NAT,0.62,8,7,2,2,2,5,4
NAT,NAT,0.34,7,4,2,2,2,2,5
NAT,DK,0.77,7,0,5,5,6,0,6
NAT,NAT,0.32,8,6,0,3,5,0,3
LAB,LAB,0.79,5,7,0,0,5,7,5
NAT,LAB,1.65,8,6,0,1,4,5,3
NAT,NAT,2.42,8,4,2,5,5,4,5
LAB,LAB,0.79,0,9,0,0,0,0,0
NAT,LAB,0.53,10,9,8,7,9,1,7
No Vote,No Vote,0.88,5,5,2,2,0,4,3
LAB,LAB,0.77,0,10,0,3,0,3,0
NAT,NAT,1.64,0,0,0,4,5,0,0
NZF,DK,2.1,2,4,7,3,1,2,1
NAT,NAT,0.33,10,0,0,1,4,0,0
Kiwi,LAB,0.62,2,3,4,1,1,3,2
NZF,LAB,0.62,8,10,8,5,5,5,5
NAT,NAT,0.88,8,3,5,4,4,4,3
LAB,UF,0.77,7,3,5,6,6,2,5
NAT,UF,2.91,6,1,3,10,8,1,8
LAB,LAB,1.61,7,10,0,0,0,5,5
NAT,LAB,2.42,0,0,0,0,0,0,0
LAB,LAB,0.6,3,8,1,1,1,6,2
NAT,NZF,1.64,8,0,5,2,2,0,0
LAB,LAB,0.31,2,9,5,0,0,0,0
NAT,NAT,2.42,10,4,0,6,10,7,7
LAB,LAB,2.92,0,10,2,0,0,7,7
NAT,NAT,0.34,8,6,0,3,6,7,7
NAT,No Vote,2.81,10,3,0,1,8,0,5
NZF,LAB,2.1,6,7,7,5,3,3,5
PRO,LAB,0.27,5,8,5,5,5,2,0
LAB,LAB,0.48,2,10,5,0,0,6,0
NZF,NAT,1.74,5,5,5,5,5,5,5
LAB,LAB,1.48,1,9,2,0,1,8,5
NAT,NAT,0.33,10,0,3,7,3,1,2
NAT,,0.86,10,0,0,6,6,0,6
LAB,LAB,0.77,2,10,7,3,0,0,6
LAB,LAB,0.55,5,10,7,2,0,2,3
NAT,NAT,1,10,4,3,5,9,6,3
NZF,NZF,0.25,4,8,7,3,3,5,5
LAB,LAB,0.3,4,3,5,2,0,1,2
NAT,NAT,0.26,8,6,3,4,7,7,6
NZF,NZF,0.79,5,4,7,5,0,0,4
NAT,NAT,0.86,8,5,4,6,6,4,4
LAB,LAB,0.6,6,9,0,0,0,6,9
NAT,NAT,0.35,10,5,0,0,2,5,2
NAT,LAB,0.35,5,5,0,0,0,6,0
GRN,LAB,0.37,0,8,1,1,0,10,10
LAB,LAB,0.31,0,7,0,0,6,7,7
NAT,NAT,4.16,10,5,0,5,5,0,5
LAB,No Vote,2.35,5,8,5,0,3,4,7
No Vote,LAB,2.35,2,10,0,0,0,4,3
LAB,No Vote,0.89,3,10,4,4,6,10,3
No Vote,LAB,2.35,5,5,5,0,5,5,5
LAB,LAB,0.37,5,10,4,0,0,8,9
LAB,No Vote,0.89,5,9,0,0,0,5,8
MAO,No Vote,2.35,5,7,1,1,1,2,10
LAB,LAB,0.37,5,8,2,2,2,6,8
No Vote,LAB,0.98,0,10,0,0,0,10,10
NAT,No Vote,0.99,0,0,0,0,0,0,0
No Vote,No Vote,5.26,4,9,0,0,0,0,0
LAB,DK,0.89,4,7,3,0,5,4,7
LAB,LAB,1.15,3,10,4,0,2,8,7
LAB,DK,0.43,3,10,5,5,5,5,9
No Vote,LAB,2.35,2,8,3,1,2,3,3
LAB,LAB,1.15,2,9,2,0,1,8,10
LAB,LAB,0.89,0,10,5,0,0,8,10
LAB,LAB,0.37,5,5,5,4,4,6,4
MAO,LAB,0.59,5,5,5,5,5,5,8
NAT,No Vote,1.27,10,3,6,4,5,0,8
MAO,NZF,0.76,6,8,8,0,0,6,7
No Vote,DK,5.64,3,10,4,0,3,6,10
LAB,LAB,1.14,3,8,2,0,0,6,5
LAB,LAB,1.14,3,8,6,0,0,8,6
No Vote,No Vote,3.02,4,10,0,0,3,0,10
LAB,LAB,0.6,4,8,4,4,4,5,7
LAB,No Vote,1.42,0,10,8,0,0,8,10
MAO,NZF,3.02,5,5,5,0,0,0,5
NAT,LAB,3.76,10,10,5,3,3,3,10
LAB,,3.02,0,8,0,0,0,8,8
LAB,No Vote,1.14,0,10,5,5,5,5,3
No Vote,MAO,2.35,2,10,0,0,3,5,10
LAB,No Vote,0.55,8,8,5,5,6,6,5
NAT,No Vote,1.61,8,1,0,10,6,0,0
LAB,GRN,0.15,5,5,0,0,0,8,5
GRN,No Vote,1.37,2,8,5,5,7,9,3
UF,GRN,0.64,3,5,0,5,0,7,0
No Vote,No Vote,1.95,8,8,0,0,0,0,0
NAT,No Vote,0.53,6,3,1,1,1,1,0
LAB,LAB,0.47,3,9,0,0,0,10,3
No Vote,No Vote,2.96,5,5,5,3,3,1,5
NAT,No Vote,0.61,7,4,0,5,6,4,5
LAB,DK,0.47,7,10,8,0,5,5,5
LAB,LAB,0.47,0,7,0,5,5,7,0
NAT,UF,0.53,8,4,2,7,4,7,0
MAO,No Vote,2.96,4,6,7,7,0,10,10
NAT,No Vote,0.53,8,3,0,0,0,0,0
LAB,LAB,0.55,6,9,0,0,0,0,0
LAB,No Vote,0.55,7,10,3,7,7,8,7
No Vote,LAB,1.45,4,9,3,0,3,8,5
NAT,No Vote,0.61,8,3,7,5,6,4,7
NAT,UF,0.61,10,4,7,8,7,6,4
NAT,No Vote,0.61,8,7,6,2,6,3,5
GRN,No Vote,1.37,5,8,0,5,0,10,2
NAT,NAT,1.25,7,3,0,5,6,6,7
LAB,DK,0.55,0,6,0,0,0,0,0
GRN,LAB,0.58,2,10,2,2,0,10,8
No Vote,DK,1.45,5,5,5,5,5,5,5
NAT,LAB,0.17,7,8,1,2,6,6,5
LAB,No Vote,2.96,6,8,6,0,8,8,8
GRN,No Vote,1.37,3,9,5,1,1,10,7
LAB,LAB,0.55,0,0,0,0,0,0,0
LAB,LAB,0.15,6,6,2,6,1,7,0
LAB,No Vote,0.55,0,10,5,0,0,8,5
NAT,No Vote,1.25,8,5,4,5,7,8,0
LAB,No Vote,2.96,5,8,7,5,5,5,5
LAB,No Vote,0.55,3,8,3,9,2,2,2
NAT,No Vote,0.61,4,7,3,3,2,6,3
NAT,No Vote,1.25,10,6,8,3,6,0,3
No Vote,No Vote,2.96,9,9,1,0,0,0,0
UF,DK,0.74,8,1,1,9,7,1,3
LAB,No Vote,1.12,3,9,4,0,0,5,0
LAB,No Vote,0.55,0,8,5,5,5,7,2
No Vote,No Vote,2.96,6,0,1,3,6,0,0
PRO,LAB,0.49,6,9,1,5,0,9,5
NAT,NAT,0.61,8,5,8,5,6,4,3
GRN,No Vote,0.58,1,9,2,2,2,9,5
NAT,No Vote,1.25,9,0,5,5,9,1,1
NAT,No Vote,0.61,8,4,1,0,7,7,0
NAT,No Vote,1.25,8,7,0,4,4,5,0
NAT,LAB,0.53,7,8,0,0,4,8,4
LAB,No Vote,1.12,3,8,5,0,0,4,5
LAB,LAB,2.51,2,9,5,5,5,8,0
GRN,No Vote,0.58,3,5,0,0,0,6,0
NAT,No Vote,0.61,9,9,6,6,8,9,0
No Vote,No Vote,1.45,5,8,3,0,0,8,0
LAB,LAB,1.25,0,10,0,5,0,9,6
GRN,No Vote,0.58,5,6,1,1,0,10,7
ACT,No Vote,0.66,7,6,5,5,6,7,3
LAB,No Vote,1.12,0,8,5,4,4,10,0
GRN,LAB,0.58,4,8,2,0,1,6,2
LAB,No Vote,0.55,6,9,0,0,6,7,8
NAT,NZF,0.61,9,8,6,0,8,6,0
NAT,No Vote,1.25,8,1,5,7,6,5,5
NAT,No Vote,0.53,8,9,1,4,4,7,4
NAT,No Vote,0.53,8,9,0,0,0,4,1
LAB,LAB,2.96,0,10,5,2,5,8,5
LAB,DK,0.55,1,10,1,1,1,10,3
GRN,No Vote,1.37,6,6,0,3,0,9,6
UF,UF,1.45,7,7,5,9,2,9,7
NZF,NZF,0.38,6,4,7,0,0,4,0
No Vote,No Vote,2.96,0,0,0,0,0,0,0
NAT,No Vote,1.25,8,6,5,0,5,0,0
LAB,DK,1.12,3,10,10,0,0,6,7
NAT,No Vote,2.8,9,0,3,3,4,8,0
Bill and Ben,No Vote,2.35,7,7,0,0,0,8,7
LAB,No Vote,1.12,3,8,2,5,5,6,4
LAB,LAB,1.25,0,10,3,5,5,5,6
NAT,NAT,0.53,8,5,6,6,6,6,0
LAB,No Vote,1.12,3,8,5,3,4,5,6
NAT,No Vote,0.61,9,3,2,0,8,4,3
LAB,LAB,0.47,0,10,5,0,0,10,0
LAB,LAB,0.15,3,9,2,4,2,8,5
LAB,No Vote,2.96,4,5,8,6,0,0,0
LAB,No Vote,0.55,7,9,0,0,0,0,5
NAT,No Vote,0.61,7,5,4,0,4,0,0
NAT,ACT,0.17,9,3,0,5,6,1,8
GRN,GRN,0.18,0,9,0,0,0,10,3
No Vote,No Vote,2.96,7,7,0,0,4,4,0
No Vote,No Vote,2.96,5,7,0,0,0,9,1
LAB,LAB,0.47,2,10,5,3,0,10,9
NAT,No Vote,1.25,6,6,0,0,4,3,3
LAB,No Vote,1.12,4,7,0,0,0,8,0
GRN,NAT,0.58,3,6,2,7,5,7,5
NAT,No Vote,1.25,0,0,0,0,0,0,0
NAT,No Vote,0.53,10,1,3,6,7,0,5
LAB,LAB,0.55,3,9,3,2,1,9,6
NAT,No Vote,0.61,10,0,5,5,9,0,5
NAT,No Vote,1.25,9,8,5,5,6,6,7
No Vote,No Vote,5.64,0,10,5,5,5,9,2
NAT,No Vote,1.25,8,1,2,0,8,1,5
LAB,LAB,2.51,5,9,0,0,0,3,0
LAB,DK,1.12,3,7,0,0,0,5,0
NAT,NAT,1.25,10,5,5,5,5,2,2
UF,No Vote,0.74,7,2,3,9,6,6,1
NAT,NAT,1.45,9,5,4,6,7,8,3
NAT,No Vote,0.53,8,5,0,0,0,0,0
NAT,No Vote,1.25,8,6,5,5,5,3,5
NAT,LAB,0.61,7,4,0,0,5,2,4
GRN,No Vote,0.67,2,6,0,0,0,8,5
LAB,No Vote,1.12,5,10,0,0,0,0,0
No Vote,No Vote,1.25,5,5,0,0,0,4,0
NAT,No Vote,0.53,8,7,0,5,5,6,0
NAT,LAB,0.17,8,5,2,2,2,7,7
GRN,GRN,0.58,3,7,1,1,1,8,6
No Vote,No Vote,3.8,3,6,4,0,0,0,4
LAB,LAB,3.8,3,8,0,0,0,0,0
NAT,No Vote,1.61,8,2,3,1,1,3,3
Bill and Ben,NAT,3.02,7,4,1,5,7,6,1
NAT,NAT,1.61,9,0,5,5,5,2,1
NAT,No Vote,0.91,5,5,0,0,0,0,0
LAB,,1.44,2,10,1,0,0,2,1
NAT,NAT,0.84,8,3,0,0,8,6,0
NAT,No Vote,1.61,7,5,0,0,0,8,0
NAT,UF,0.91,8,3,5,8,8,0,6
GRN,LAB,0.92,3,6,5,3,0,10,7
LAB,LAB,0.81,6,8,4,4,6,7,5
NAT,NAT,1.61,10,5,4,3,2,0,0
LAB,,1.44,2,10,1,3,2,4,0
NAT,NAT,0.91,10,0,5,7,9,0,0
LAB,LAB,1.99,3,8,5,5,0,9,6
LAB,No Vote,1.79,7,7,1,6,0,7,0
NAT,NAT,0.91,7,0,1,5,6,6,6
LAB,No Vote,1.44,2,9,8,0,3,7,0
ACT,ACT,0.9,2,2,0,1,10,0,6
GRN,No Vote,0.99,3,8,0,0,0,8,0
GRN,GRN,0.92,0,2,0,0,0,10,7
NAT,No Vote,0.91,8,6,9,5,6,0,5
GRN,No Vote,1.76,10,10,10,0,0,0,0
GRN,GRN,0.92,4,10,0,0,4,10,10
NAT,No Vote,0.91,6,6,2,2,0,7,0
NAT,No Vote,0.84,8,7,1,8,3,5,5
NAT,NAT,0.84,9,5,5,0,6,5,5
NAT,No Vote,1.61,10,0,0,2,5,1,3
NAT,No Vote,2,10,0,0,7,7,0,0
GRN,No Vote,1.76,0,7,2,3,3,7,0
NAT,ACT,3.8,5,5,5,5,5,5,5
NAT,NAT,0.84,9,3,0,5,6,4,5
GRN,No Vote,0.92,4,7,4,5,0,8,2
NZF,NAT,0.65,7,2,8,0,7,3,2
LAB,LAB,0.81,6,9,8,0,0,6,0
NZF,No Vote,1.16,2,8,10,5,0,9,0
LAB,LAB,0.72,0,10,1,5,5,5,5
NAT,No Vote,1.61,6,2,0,0,0,8,2
NAT,NAT,0.91,10,0,0,5,5,0,5
No Vote,No Vote,5.64,4,5,2,2,2,7,5
NAT,No Vote,1.61,7,7,2,3,4,2,1
NAT,NAT,0.84,9,0,2,6,6,0,6
NAT,NAT,2,10,0,5,5,5,3,7
NAT,NAT,0.84,10,3,0,5,7,6,4
ACT,No Vote,0.97,10,5,2,5,10,5,6
LAB,GRN,0.81,5,7,4,0,0,7,6
No Vote,No Vote,3.8,8,7,5,0,6,9,7
GRN,No Vote,0.92,0,3,1,0,0,10,8
LAB,GRN,0.72,0,8,3,0,0,6,2
NAT,NAT,1.61,10,3,1,8,7,4,5
LAB,LAB,0.81,3,6,0,0,5,0,0
NAT,No Vote,1.61,10,2,3,4,9,0,7
NZF,LAB,1.16,5,8,10,0,0,8,3
NAT,No Vote,1.61,6,4,6,3,3,5,5
LAB,No Vote,2.14,10,1,1,0,7,1,0
NAT,LAB,1.99,5,4,0,3,3,5,4
Kiwi,GRN,3.02,4,6,2,0,0,4,2
NZF,No Vote,0.65,8,6,8,3,4,0,5
GRN,No Vote,1.76,3,7,2,5,4,8,6
GRN,No Vote,0.92,3,6,4,5,2,7,7
NAT,No Vote,2.14,8,4,3,2,3,5,0
GRN,LAB,0.92,6,8,4,7,1,9,4
NAT,No Vote,0.84,8,7,2,4,5,5,2
NAT,NAT,0.91,10,3,0,3,8,7,4
LAB,LAB,0.75,3,6,2,5,2,5,6
NAT,DK,0.84,0,0,0,0,0,0,0
LAB,No Vote,1.44,2,10,0,0,0,0,0
LAB,No Vote,1.44,0,0,0,0,0,0,0
LAB,LAB,0.81,9,9,5,5,3,5,5
LAB,No Vote,0.81,3,10,0,0,0,7,4
NAT,No Vote,0.91,6,5,2,0,0,0,0
NAT,No Vote,1.61,6,6,6,2,9,1,0
GRN,LAB,1.37,5,8,2,6,5,10,5
LAB,LAB,0.47,6,8,3,4,2,7,3
NAT,NAT,0.61,10,5,1,0,8,2,3
LAB,LAB,0.47,0,8,0,0,0,7,3
LAB,No Vote,0.47,7,8,0,0,0,0,0
NAT,NAT,1.25,9,4,1,4,8,1,5
LAB,No Vote,0.47,6,8,5,2,3,4,7
NAT,,0.52,0,0,0,0,0,0,0
NAT,No Vote,1.25,5,5,0,0,1,5,0
GRN,LAB,1.37,4,8,0,0,0,10,3
GRN,LAB,0.58,3,8,2,1,0,8,6
NAT,No Vote,1.25,10,8,8,7,7,4,1
LAB,LAB,0.15,7,7,3,5,2,7,8
GRN,LAB,0.67,2,10,0,1,7,10,8
LAB,LAB,0.55,3,9,5,0,1,7,5
GRN,GRN,0.18,3,8,0,0,0,9,2
ACT,No Vote,1.34,7,3,0,5,8,5,0
No Vote,No Vote,2.96,7,6,6,4,5,6,2
LAB,No Vote,1.44,2,10,2,0,2,2,8
